publicid,eventtype,origintime,modificationtime,longitude, latitude, magnitude, depth,magnitudetype,depthtype,evaluationmethod,evaluationstatus,evaluationmode,earthmodel,usedphasecount,usedstationcount,magnitudestationcount,minimumdistance,azimuthalgap,originerror,magnitudeuncertainty
3366718,earthquake,2010-09-04T15:59:22.188Z,2013-07-16T14:07:00.000Z,172.56395000000000550,-43.54010999999999854,3.01299999999999990,15.08990000000000009,ML,,GROPE,reviewed,manual,nz1dr,8,4,13,0.05600000000000000,146.00000000000000000,0.05177000000000000,0.28899999999999998
3366712,earthquake,2010-09-04T15:45:51.512Z,2013-07-16T14:07:00.000Z,172.40387000000001194,-43.58742000000000161,2.76799999999999979,5.00000000000000000,ML,operator assigned,GROPE,reviewed,manual,nz1dr,10,5,5,0.16000000000000000,138.00000000000000000,0.14887000000000000,0.18200000000000000
3366711,earthquake,2010-09-04T15:44:23.192Z,2013-07-16T14:07:00.000Z,172.25278000000000134,-43.57263999999999982,2.70199999999999996,5.00000000000000000,ML,operator assigned,GROPE,reviewed,manual,nz1dr,8,4,4,0.26900000000000002,212.00000000000000000,0.16649000000000000,0.07600000000000000
3366704,earthquake,2010-09-04T15:25:16.573Z,2013-07-16T14:07:00.000Z,174.95515000000000327,-40.20953999999999695,2.68000000000000016,12.00000000000000000,ML,operator assigned,GROPE,reviewed,manual,nz1dr,40,36,11,0.45300000000000001,91.00000000000000000,0.29564000000000001,0.14299999999999999
3366691,earthquake,2010-09-04T14:58:47.956Z,2013-07-16T14:07:00.000Z,172.39960999999999558,-43.60904000000000025,2.60700000000000021,5.00000000000000000,ML,operator assigned,GROPE,reviewed,manual,nz1dr,9,5,7,0.16600000000000001,175.00000000000000000,0.23405999999999999,0.22600000000000001
3366689,earthquake,2010-09-04T14:52:57.204Z,2013-07-16T14:07:00.000Z,172.39767000000000507,-43.56116000000000099,2.75199999999999978,5.00000000000000000,ML,operator assigned,GROPE,reviewed,manual,nz1dr,9,5,5,0.16400000000000001,133.00000000000000000,0.17798000000000000,0.15500000000000000
3366687,earthquake,2010-09-04T14:45:51.523Z,2013-07-17T14:39:00.000Z,172.33104000000000156,-43.67258000000000351,2.89000000000000012,12.00000000000000000,ML,operator assigned,GROPE,reviewed,manual,nz1dr,9,6,14,0.23300000000000001,168.00000000000000000,0.12180000000000001,0.34699999999999998
3366686,earthquake,2010-09-04T14:42:10.260Z,2013-07-16T14:07:00.000Z,172.44632999999998901,-43.66214000000000084,3.91000000000000014,6.82650000000000023,ML,,GROPE,reviewed,manual,nz1dr,17,11,30,0.04100000000000000,159.00000000000000000,0.15917999999999999,0.23799999999999999
3366684,earthquake,2010-09-04T14:39:55.423Z,2013-07-16T14:07:00.000Z,172.17909000000000219,-43.62339000000000055,2.85400000000000009,5.00000000000000000,ML,operator assigned,GROPE,reviewed,manual,nz1dr,10,6,12,0.31300000000000000,159.00000000000000000,0.14605000000000001,0.26500000000000001
3366683,earthquake,2010-09-04T14:35:51.829Z,2013-07-16T14:07:00.000Z,172.16299000000000774,-43.49746999999999986,3.46600000000000019,7.44589999999999996,ML,,GROPE,reviewed,manual,nz1dr,12,6,13,0.04500000000000000,133.00000000000000000,0.18709000000000001,0.21900000000000000
3756663,earthquake,2010-09-04T14:32:51.647Z,2013-07-16T14:52:00.000Z,172.32318000000000779,-43.71650000000000347,3.04700000000000015,12.00000000000000000,ML,operator assigned,GROPE,reviewed,manual,nz1dr,10,6,4,0.23999999999999999,182.00000000000000000,0.11294000000000000,0.25800000000000001
3756659,earthquake,2010-09-04T14:31:28.640Z,2013-07-16T14:52:00.000Z,172.07327000000000794,-43.59248000000000189,2.96899999999999986,5.00000000000000000,ML,operator assigned,GROPE,reviewed,manual,nz1dr,10,5,7,0.26600000000000001,154.00000000000000000,0.12457000000000000,0.17100000000000001
3756648,earthquake,2010-09-04T14:30:35.250Z,2013-07-16T14:52:00.000Z,172.44583000000000084,-43.65176000000000300,2.93199999999999994,5.00000000000000000,ML,operator assigned,GROPE,reviewed,manual,nz1dr,8,4,5,0.14899999999999999,207.00000000000000000,0.13680999999999999,0.18200000000000000
3366680,earthquake,2010-09-04T14:28:43.780Z,2013-07-16T14:07:00.000Z,171.84569999999999368,-43.56801999999999708,3.64400000000000013,5.00000000000000000,ML,operator assigned,GROPE,reviewed,manual,nz1dr,11,6,10,0.27800000000000002,151.00000000000000000,0.13766000000000000,0.16800000000000001
3756642,earthquake,2010-09-04T14:28:27.151Z,2013-07-16T14:52:00.000Z,172.23401000000001204,-43.60649999999999693,2.87599999999999989,5.00000000000000000,ML,operator assigned,GROPE,reviewed,manual,nz1dr,9,5,16,0.28399999999999997,153.00000000000000000,0.18326000000000001,0.33700000000000002
3366679,earthquake,2010-09-04T14:25:49.576Z,2013-07-16T14:07:00.000Z,172.17609999999999104,-43.48949000000000353,3.04700000000000015,5.34349999999999969,ML,,GROPE,reviewed,manual,nz1dr,11,6,5,0.05400000000000000,132.00000000000000000,0.11770000000000000,0.16400000000000001
3756609,earthquake,2010-09-04T14:24:03.554Z,2013-07-16T14:52:00.000Z,172.20401000000001090,-43.61596999999999724,3.19799999999999995,5.00000000000000000,ML,operator assigned,GROPE,reviewed,manual,nz1dr,10,5,7,0.30700000000000000,157.00000000000000000,0.12864999999999999,0.14299999999999999
3366678,earthquake,2010-09-04T14:23:13.931Z,2013-07-17T14:37:00.000Z,172.39907999999999788,-43.61863999999999919,2.75599999999999978,5.00000000000000000,ML,operator assigned,GROPE,reviewed,manual,nz1dr,10,6,5,0.16800000000000001,148.00000000000000000,0.14441000000000001,0.19400000000000001
3756542,earthquake,2010-09-04T14:21:03.824Z,2013-07-16T14:52:00.000Z,172.06534999999999513,-43.61740000000000350,3.56800000000000006,5.68770000000000042,ML,,GROPE,reviewed,manual,nz1dr,11,6,13,0.03400000000000000,160.00000000000000000,0.13453999999999999,0.21700000000000000
3756594,earthquake,2010-09-04T14:20:18.815Z,2013-07-16T14:52:00.000Z,172.38439999999999941,-43.56960999999999729,2.46399999999999997,5.00000000000000000,ML,operator assigned,GROPE,reviewed,manual,nz1dr,9,5,8,0.17399999999999999,136.00000000000000000,0.13114999999999999,0.32200000000000001
3756612,earthquake,2010-09-04T14:17:48.717Z,2013-07-16T14:52:00.000Z,169.66129000000000815,-43.65276999999999674,2.54400000000000004,5.00000000000000000,ML,operator assigned,GROPE,reviewed,manual,nz1dr,9,6,7,0.16300000000000001,167.00000000000000000,0.16469000000000000,0.27400000000000002
3366676,earthquake,2010-09-04T14:16:53.943Z,2013-07-16T14:07:00.000Z,171.84263999999998873,-43.55225000000000080,2.87100000000000000,5.00000000000000000,ML,operator assigned,GROPE,reviewed,manual,nz1dr,9,5,6,0.26600000000000001,149.00000000000000000,0.23694999999999999,0.22200000000000000
3366674,earthquake,2010-09-04T14:13:57.177Z,2013-07-17T14:36:00.000Z,172.05611999999999284,-43.61359999999999815,2.99900000000000011,5.00000000000000000,ML,operator assigned,GROPE,reviewed,manual,nz1dr,9,6,16,0.28599999999999998,160.00000000000000000,0.27816999999999997,0.36499999999999999
3756162,earthquake,2010-09-04T14:06:38.489Z,2013-07-16T14:52:00.000Z,172.38660999999999035,-43.59732999999999947,2.81899999999999995,5.00000000000000000,ML,operator assigned,GROPE,reviewed,manual,nz1dr,8,4,9,0.17299999999999999,197.00000000000000000,0.06925000000000001,0.32200000000000001
3366671,earthquake,2010-09-04T14:06:08.322Z,2013-07-17T14:35:00.000Z,172.32515000000000782,-43.59084000000000003,3.10499999999999998,14.45170000000000066,ML,,GROPE,reviewed,manual,nz1dr,9,5,5,0.21700000000000000,177.00000000000000000,0.09662000000000000,0.19800000000000001
3756148,earthquake,2010-09-04T13:58:28.437Z,2013-07-16T14:52:00.000Z,175.83904000000001133,-38.58357999999999777,3.17700000000000005,148.98810000000000286,ML,,GROPE,reviewed,manual,nz1dr,22,19,19,0.69999999999999996,218.00000000000000000,0.24590000000000001,0.20000000000000001
3366669,earthquake,2010-09-04T13:58:26.327Z,2013-07-16T14:07:00.000Z,172.19022000000001071,-43.51411000000000229,3.32299999999999995,5.45629999999999971,ML,,GROPE,reviewed,manual,nz1dr,13,7,12,0.06800000000000000,136.00000000000000000,0.20435000000000000,0.13900000000000001
3366668,earthquake,2010-09-04T13:56:05.708Z,2013-07-16T14:07:00.000Z,172.30179999999998586,-43.56663999999999959,2.88499999999999979,5.00000000000000000,ML,operator assigned,GROPE,reviewed,manual,nz1dr,10,6,5,0.23400000000000001,141.00000000000000000,0.13963999999999999,0.23499999999999999
3366667,earthquake,2010-09-04T13:54:11.555Z,2013-07-16T14:07:00.000Z,171.84727000000000885,-43.58189000000000135,2.96300000000000008,5.00000000000000000,ML,operator assigned,GROPE,reviewed,manual,nz1dr,10,6,6,0.28999999999999998,155.00000000000000000,0.22120999999999999,0.22300000000000000
3755521,earthquake,2010-09-04T13:52:40.457Z,2013-07-16T14:52:00.000Z,172.33895999999998594,-43.57760999999999996,2.79599999999999982,12.00000000000000000,ML,operator assigned,GROPE,reviewed,manual,nz1dr,10,6,5,0.20599999999999999,141.00000000000000000,0.23046000000000000,0.16200000000000001
3755515,earthquake,2010-09-04T13:51:02.986Z,2013-07-16T14:52:00.000Z,172.31515999999999167,-43.60054999999999836,3.22999999999999998,12.00000000000000000,ML,operator assigned,GROPE,reviewed,manual,nz1dr,12,7,9,0.19000000000000000,148.00000000000000000,0.31041999999999997,0.23699999999999999
3752562,earthquake,2010-09-04T13:48:42.675Z,2013-07-16T14:52:00.000Z,172.20411999999998898,-43.56385999999999825,3.74800000000000022,13.13349999999999973,ML,,GROPE,reviewed,manual,nz1dr,18,11,22,0.10400000000000000,145.00000000000000000,0.21920999999999999,0.21700000000000000
3752566,earthquake,2010-09-04T13:48:28.845Z,2013-07-16T14:52:00.000Z,172.43484000000000833,-43.63011000000000195,3.22500000000000009,5.00000000000000000,ML,operator assigned,GROPE,reviewed,manual,nz1dr,8,5,7,0.14699999999999999,149.00000000000000000,0.16747000000000001,0.18200000000000000
3366664,earthquake,2010-09-04T13:47:14.655Z,2013-07-16T14:07:00.000Z,172.32015999999998712,-43.59496000000000038,3.80600000000000005,12.00000000000000000,ML,operator assigned,GROPE,reviewed,manual,nz1dr,14,7,25,0.18800000000000000,207.00000000000000000,0.12687000000000001,0.19100000000000000
3366662,earthquake,2010-09-04T13:43:08.266Z,2013-07-16T14:07:00.000Z,178.69268999999999892,-37.67647000000000190,2.15499999999999980,31.92680000000000007,ML,,GROPE,reviewed,manual,nz1dr,7,4,2,0.26300000000000001,291.00000000000000000,0.12953000000000001,0.30399999999999999
3366659,earthquake,2010-09-04T13:34:28.161Z,2013-07-16T14:07:00.000Z,171.82993999999999346,-43.59219000000000221,3.31099999999999994,5.00000000000000000,ML,operator assigned,GROPE,reviewed,manual,nz1dr,11,6,12,0.30499999999999999,156.00000000000000000,0.17821999999999999,0.14299999999999999
3366658,earthquake,2010-09-04T13:32:13.693Z,2013-07-16T14:07:00.000Z,172.20067000000000235,-43.61504999999999654,3.33199999999999985,5.00000000000000000,ML,operator assigned,GROPE,reviewed,manual,nz1dr,10,6,14,0.30900000000000000,157.00000000000000000,0.16955999999999999,0.17599999999999999
3366657,earthquake,2010-09-04T13:30:15.401Z,2013-07-16T14:07:00.000Z,172.31705999999999790,-43.62617000000000189,2.74400000000000022,5.00000000000000000,ML,operator assigned,GROPE,reviewed,manual,nz1dr,8,4,10,0.22800000000000001,217.00000000000000000,0.10227000000000000,0.33600000000000002
3366655,earthquake,2010-09-04T13:26:36.081Z,2013-07-16T14:07:00.000Z,172.21961999999999193,-43.59991999999999734,2.75300000000000011,5.00000000000000000,ML,operator assigned,GROPE,reviewed,manual,nz1dr,9,5,5,0.29399999999999998,153.00000000000000000,0.14435000000000001,0.07500000000000000
3752541,earthquake,2010-09-04T13:24:25.203Z,2013-07-16T14:52:00.000Z,172.20195000000001073,-43.59550999999999732,2.63700000000000001,5.00000000000000000,ML,operator assigned,GROPE,reviewed,manual,nz1dr,10,5,5,0.29299999999999998,152.00000000000000000,0.18922000000000000,0.16300000000000001
3366653,earthquake,2010-09-04T13:23:43.707Z,2013-07-16T14:07:00.000Z,172.78571999999999775,-43.70911999999999864,3.14199999999999990,21.74869999999999948,ML,,GROPE,reviewed,manual,nz1dr,8,4,3,0.09600000000000000,293.00000000000000000,0.29877999999999999,0.28199999999999997
3752532,earthquake,2010-09-04T13:18:57.066Z,2013-07-16T14:52:00.000Z,172.16372999999998683,-43.45036000000000342,3.12000000000000011,5.00000000000000000,ML,operator assigned,GROPE,reviewed,manual,nz1dr,9,5,5,0.15300000000000000,125.00000000000000000,0.11597000000000000,0.15200000000000000
3366651,earthquake,2010-09-04T13:17:39.691Z,2013-07-17T14:32:00.000Z,172.15828999999999382,-43.47335000000000349,2.80299999999999994,5.00000000000000000,ML,operator assigned,GROPE,reviewed,manual,nz1dr,9,5,5,0.17000000000000001,130.00000000000000000,0.17100000000000001,0.22100000000000000
3366648,earthquake,2010-09-04T13:11:15.797Z,2013-07-16T14:07:00.000Z,172.16750999999999294,-43.61773999999999774,3.17099999999999982,5.00000000000000000,ML,operator assigned,GROPE,reviewed,manual,nz1dr,11,6,5,0.30499999999999999,127.00000000000000000,0.17638000000000001,0.19100000000000000
3750489,earthquake,2010-09-04T13:04:19.709Z,2013-07-16T14:51:00.000Z,172.14055999999999358,-43.59850999999999743,2.94700000000000006,5.00000000000000000,ML,operator assigned,GROPE,reviewed,manual,nz1dr,11,6,5,0.28100000000000003,154.00000000000000000,0.11483000000000000,0.16400000000000001
3749490,earthquake,2010-09-04T13:02:40.319Z,2013-07-16T14:51:00.000Z,172.16489000000001397,-43.60967000000000127,3.23099999999999987,5.00000000000000000,ML,operator assigned,GROPE,reviewed,manual,nz1dr,11,6,7,0.29699999999999999,156.00000000000000000,0.09444000000000000,0.14000000000000001
3366645,earthquake,2010-09-04T13:01:40.039Z,2013-07-16T14:07:00.000Z,172.18882999999999583,-43.60040999999999656,3.34299999999999997,5.00000000000000000,ML,operator assigned,GROPE,reviewed,manual,nz1dr,11,6,13,0.29399999999999998,154.00000000000000000,0.10190000000000000,0.16000000000000000
3366644,earthquake,2010-09-04T12:57:29.831Z,2013-07-16T14:07:00.000Z,172.11258000000000834,-43.48723999999999990,3.81700000000000017,6.24640000000000040,ML,,GROPE,reviewed,manual,nz1dr,16,9,23,0.00900000000000000,123.00000000000000000,0.21324000000000001,0.21099999999999999
3749466,earthquake,2010-09-04T12:55:18.023Z,2013-07-16T14:51:00.000Z,172.36770999999998821,-43.57874000000000336,3.37000000000000011,12.00000000000000000,ML,operator assigned,GROPE,reviewed,manual,nz1dr,8,5,11,0.18600000000000000,139.00000000000000000,0.12575000000000000,0.16000000000000000
3366643,earthquake,2010-09-04T12:53:52.845Z,2013-07-16T14:07:00.000Z,171.88354000000001065,-43.60678000000000054,3.50899999999999990,5.00000000000000000,ML,operator assigned,GROPE,reviewed,manual,nz1dr,12,8,14,0.30099999999999999,136.00000000000000000,0.24146000000000001,0.14599999999999999
3366642,earthquake,2010-09-04T12:51:14.646Z,2013-07-16T14:07:00.000Z,172.26777999999998769,-43.56911999999999807,3.17899999999999983,5.00000000000000000,ML,operator assigned,GROPE,reviewed,manual,nz1dr,11,6,6,0.25800000000000001,144.00000000000000000,0.10771000000000000,0.17999999999999999
3749456,earthquake,2010-09-04T12:44:19.434Z,2013-07-16T14:51:00.000Z,172.27729999999999677,-43.59179000000000315,2.90499999999999980,5.00000000000000000,ML,operator assigned,GROPE,reviewed,manual,nz1dr,9,5,5,0.25200000000000000,149.00000000000000000,0.13075999999999999,0.18099999999999999
3366638,earthquake,2010-09-04T12:43:09.313Z,2013-07-16T14:07:00.000Z,172.44295999999999935,-43.62104000000000070,2.69600000000000017,5.00000000000000000,ML,operator assigned,GROPE,reviewed,manual,nz1dr,10,5,14,0.13800000000000001,144.00000000000000000,0.17490000000000000,0.27800000000000002
3749418,earthquake,2010-09-04T12:40:43.321Z,2013-07-16T14:51:00.000Z,174.26653999999999201,-41.71808999999999656,2.02999999999999980,12.64540000000000042,ML,,GROPE,reviewed,manual,nz1dr,12,9,8,0.05100000000000000,159.00000000000000000,0.16370000000000001,0.21199999999999999
3366637,earthquake,2010-09-04T12:40:38.950Z,2013-07-16T14:07:00.000Z,171.94071999999999889,-43.58362000000000336,3.44499999999999984,5.00000000000000000,ML,operator assigned,GROPE,reviewed,manual,nz1dr,11,6,12,0.26600000000000001,154.00000000000000000,0.15567000000000000,0.19500000000000001
3366636,earthquake,2010-09-04T12:38:02.904Z,2013-07-16T14:07:00.000Z,176.98938000000001125,-38.30810000000000315,2.83800000000000008,56.89869999999999806,ML,,GROPE,reviewed,manual,nz1dr,32,28,5,0.10600000000000000,82.00000000000000000,0.31870999999999999,0.26000000000000001
3366634,earthquake,2010-09-04T12:34:06.571Z,2013-07-16T14:07:00.000Z,172.40444999999999709,-43.63432000000000244,2.75199999999999978,5.00000000000000000,ML,operator assigned,GROPE,reviewed,manual,nz1dr,11,6,5,0.16900000000000001,153.00000000000000000,0.19705000000000000,0.17499999999999999
3366633,earthquake,2010-09-04T12:29:18.741Z,2013-07-16T14:07:00.000Z,172.18891999999999598,-43.61312000000000211,2.61900000000000022,5.00000000000000000,ML,operator assigned,GROPE,reviewed,manual,nz1dr,9,5,5,0.30599999999999999,156.00000000000000000,0.13860000000000000,0.14199999999999999
3749394,earthquake,2010-09-04T12:26:49.975Z,2013-07-16T14:51:00.000Z,172.17560000000000286,-43.49463000000000079,3.06300000000000017,5.00000000000000000,ML,operator assigned,GROPE,reviewed,manual,nz1dr,9,5,6,0.19500000000000001,132.00000000000000000,0.14681000000000000,0.16900000000000001
3749397,earthquake,2010-09-04T12:25:06.948Z,2013-07-16T14:51:00.000Z,178.80559999999999832,-38.23154000000000252,2.10700000000000021,33.00000000000000000,ML,operator assigned,GROPE,reviewed,manual,nz1dr,8,6,4,0.46000000000000002,272.00000000000000000,0.21664000000000000,0.08200000000000000
3366630,earthquake,2010-09-04T12:22:06.156Z,2013-07-16T14:07:00.000Z,172.12826999999998634,-43.40755000000000052,2.86299999999999999,5.00000000000000000,ML,operator assigned,GROPE,reviewed,manual,nz1dr,10,6,5,0.10400000000000000,120.00000000000000000,0.15884000000000001,0.21099999999999999
3749015,earthquake,2010-09-04T12:20:16.361Z,2013-07-16T14:51:00.000Z,172.02942999999999074,-43.61312000000000211,3.10499999999999998,5.00000000000000000,ML,operator assigned,GROPE,reviewed,manual,nz1dr,7,4,4,0.28599999999999998,259.00000000000000000,0.11748000000000000,0.12300000000000000
3366629,earthquake,2010-09-04T12:20:04.126Z,2013-07-17T14:31:00.000Z,172.41505000000000791,-43.58720000000000283,3.10899999999999999,12.00000000000000000,ML,operator assigned,GROPE,reviewed,manual,nz1dr,9,6,7,0.15200000000000000,137.00000000000000000,0.17960000000000001,0.32300000000000001
3749006,earthquake,2010-09-04T12:18:20.778Z,2013-07-16T14:51:00.000Z,172.24531999999999243,-43.60367999999999711,2.72699999999999987,5.00000000000000000,ML,operator assigned,GROPE,reviewed,manual,nz1dr,10,5,5,0.27600000000000002,153.00000000000000000,0.13875999999999999,0.10500000000000000
3366628,earthquake,2010-09-04T12:17:36.839Z,2013-07-17T14:30:00.000Z,172.44577000000001021,-43.64005999999999830,2.71200000000000019,5.00000000000000000,ML,operator assigned,GROPE,reviewed,manual,nz1dr,9,6,10,0.14399999999999999,151.00000000000000000,0.14555000000000001,0.36299999999999999
3366627,earthquake,2010-09-04T12:14:10.909Z,2013-07-16T14:07:00.000Z,172.00939999999999941,-43.26968000000000103,3.47900000000000009,7.80890000000000040,ML,,GROPE,reviewed,manual,nz1dr,14,8,13,0.06100000000000000,103.00000000000000000,0.08419000000000000,0.18800000000000000
3366626,earthquake,2010-09-04T12:12:52.535Z,2013-07-16T14:07:00.000Z,172.25551999999998998,-43.60311000000000092,2.93000000000000016,5.00000000000000000,ML,operator assigned,GROPE,reviewed,manual,nz1dr,9,6,14,0.26800000000000002,152.00000000000000000,0.11521000000000001,0.30700000000000000
3366624,earthquake,2010-09-04T12:10:27.542Z,2013-07-16T14:07:00.000Z,172.26407000000000380,-43.60358000000000089,3.80100000000000016,5.00000000000000000,ML,operator assigned,GROPE,reviewed,manual,nz1dr,13,7,25,0.16300000000000001,152.00000000000000000,0.21232999999999999,0.17599999999999999
3748953,earthquake,2010-09-04T12:10:22.390Z,2013-07-16T14:51:00.000Z,172.30269999999998731,-43.55254999999999654,2.75999999999999979,5.00000000000000000,ML,operator assigned,GROPE,reviewed,manual,nz1dr,7,6,9,0.15800000000000000,138.00000000000000000,0.19689999999999999,0.29399999999999998
3748943,earthquake,2010-09-04T12:08:16.329Z,2013-07-16T14:51:00.000Z,172.40772999999998660,-43.60591000000000150,2.66900000000000004,5.00000000000000000,ML,operator assigned,GROPE,reviewed,manual,nz1dr,9,5,9,0.15900000000000000,143.00000000000000000,0.08396000000000001,0.33900000000000002
3366623,earthquake,2010-09-04T12:06:39.296Z,2013-07-16T14:07:00.000Z,171.86858000000000857,-43.57793999999999812,2.62199999999999989,5.00000000000000000,ML,operator assigned,GROPE,reviewed,manual,nz1dr,12,7,5,0.27900000000000003,133.00000000000000000,0.14463999999999999,0.19000000000000000
3748925,earthquake,2010-09-04T12:04:54.183Z,2013-07-16T14:51:00.000Z,172.45007000000001085,-43.65026000000000295,3.00999999999999979,5.00000000000000000,ML,operator assigned,GROPE,reviewed,manual,nz1dr,8,5,10,0.14599999999999999,155.00000000000000000,0.15515000000000001,0.28699999999999998
3366622,earthquake,2010-09-04T12:04:17.975Z,2013-07-16T14:07:00.000Z,174.25153000000000247,-41.72010999999999825,3.08700000000000019,18.60849999999999937,ML,,GROPE,reviewed,manual,nz1dr,25,21,22,0.04200000000000000,138.00000000000000000,0.30837999999999999,0.37700000000000000
3748919,earthquake,2010-09-04T12:03:02.947Z,2013-07-16T14:51:00.000Z,172.34511000000000536,-43.58118000000000336,2.66800000000000015,5.00000000000000000,ML,operator assigned,GROPE,reviewed,manual,nz1dr,9,5,11,0.20200000000000001,141.00000000000000000,0.18385000000000001,0.30099999999999999
3748918,earthquake,2010-09-04T12:02:23.358Z,2013-07-16T14:51:00.000Z,172.48453000000000657,-43.62852000000000174,2.55799999999999983,7.96790000000000020,ML,,GROPE,reviewed,manual,nz1dr,8,4,5,0.11300000000000000,190.00000000000000000,0.08974000000000000,0.15900000000000000
3366621,earthquake,2010-09-04T12:01:14.367Z,2013-07-16T14:07:00.000Z,171.89135999999999171,-43.58525999999999812,3.31400000000000006,5.00000000000000000,ML,operator assigned,GROPE,reviewed,manual,nz1dr,10,6,13,0.27900000000000003,155.00000000000000000,0.17669000000000001,0.16900000000000001
3366618,earthquake,2010-09-04T11:50:39.618Z,2013-07-16T14:07:00.000Z,172.38115999999999417,-43.56481999999999744,2.53500000000000014,5.00000000000000000,ML,operator assigned,GROPE,reviewed,manual,nz1dr,10,6,10,0.17599999999999999,135.00000000000000000,0.13705000000000001,0.25700000000000001
3366617,earthquake,2010-09-04T11:48:23.268Z,2013-07-16T14:07:00.000Z,172.38245000000000573,-43.61341000000000179,2.66500000000000004,5.00000000000000000,ML,operator assigned,GROPE,reviewed,manual,nz1dr,10,6,6,0.17899999999999999,147.00000000000000000,0.19031000000000001,0.19000000000000000
3366615,earthquake,2010-09-04T11:43:13.434Z,2013-07-16T14:07:00.000Z,171.85364000000001283,-43.58514999999999873,3.79999999999999982,5.00000000000000000,Mw,operator assigned,GROPE,reviewed,manual,nz1dr,19,11,0,0.20399999999999999,134.00000000000000000,0.24989000000000000,0.00000000000000000
3366614,earthquake,2010-09-04T11:38:24.412Z,2013-07-16T14:07:00.000Z,172.28478999999998678,-43.59488999999999947,2.78399999999999981,5.00000000000000000,ML,operator assigned,GROPE,reviewed,manual,nz1dr,10,6,12,0.24600000000000000,149.00000000000000000,0.27333000000000002,0.33600000000000002
3366612,earthquake,2010-09-04T11:35:29.004Z,2013-07-16T14:06:00.000Z,172.22108000000000061,-43.58650999999999698,2.52499999999999991,5.00000000000000000,ML,operator assigned,GROPE,reviewed,manual,nz1dr,11,6,4,0.29099999999999998,150.00000000000000000,0.16327000000000000,0.10400000000000000
3366611,earthquake,2010-09-04T11:33:42.024Z,2013-07-16T14:06:00.000Z,172.26291000000000508,-43.61205000000000354,2.91800000000000015,5.00000000000000000,ML,operator assigned,GROPE,reviewed,manual,nz1dr,10,6,11,0.26400000000000001,154.00000000000000000,0.14745000000000000,0.31700000000000000
3366609,earthquake,2010-09-04T11:27:23.442Z,2013-07-16T14:06:00.000Z,172.35844000000000165,-43.57229000000000241,3.80200000000000005,5.00000000000000000,ML,operator assigned,GROPE,reviewed,manual,nz1dr,12,7,23,0.19200000000000000,139.00000000000000000,0.15754000000000001,0.18800000000000000
3366607,earthquake,2010-09-04T11:21:39.036Z,2013-07-16T14:06:00.000Z,172.37537000000000376,-43.57209000000000287,2.99100000000000010,5.00000000000000000,ML,operator assigned,GROPE,reviewed,manual,nz1dr,9,5,9,0.17999999999999999,137.00000000000000000,0.11237999999999999,0.34999999999999998
3366606,earthquake,2010-09-04T11:19:53.476Z,2013-07-16T14:06:00.000Z,172.42438999999998828,-43.58850000000000335,3.12199999999999989,5.00000000000000000,ML,operator assigned,GROPE,reviewed,manual,nz1dr,10,5,7,0.14499999999999999,136.00000000000000000,0.20751000000000000,0.17599999999999999
3366605,earthquake,2010-09-04T11:17:38.020Z,2013-07-16T14:06:00.000Z,172.13483999999999696,-43.59823999999999700,3.10000000000000009,5.00000000000000000,ML,operator assigned,GROPE,reviewed,manual,nz1dr,10,6,6,0.28000000000000003,155.00000000000000000,0.11520000000000000,0.23799999999999999
3366601,earthquake,2010-09-04T11:10:08.013Z,2013-07-16T14:06:00.000Z,172.55884000000000356,-41.21202999999999861,3.82100000000000017,211.78079999999999927,ML,,GROPE,reviewed,manual,nz1dr,29,26,22,0.38500000000000001,131.00000000000000000,0.16172000000000000,0.16000000000000000
3366600,earthquake,2010-09-04T11:08:16.628Z,2013-07-16T14:06:00.000Z,172.04881000000000313,-43.61744000000000199,3.57799999999999985,5.00000000000000000,ML,operator assigned,GROPE,reviewed,manual,nz1dr,14,8,12,0.22500000000000001,138.00000000000000000,0.13494000000000000,0.17699999999999999
3366592,earthquake,2010-09-04T10:57:07.718Z,2013-07-16T14:06:00.000Z,172.25034999999999741,-43.61270999999999987,2.93500000000000005,5.00000000000000000,ML,operator assigned,GROPE,reviewed,manual,nz1dr,9,5,9,0.30800000000000000,155.00000000000000000,0.09694999999999999,0.37100000000000000
3366590,earthquake,2010-09-04T10:49:30.499Z,2013-07-16T14:06:00.000Z,172.30425999999999931,-43.55859000000000236,2.74800000000000022,5.00000000000000000,ML,operator assigned,GROPE,reviewed,manual,nz1dr,9,5,9,0.23200000000000001,139.00000000000000000,0.08089000000000000,0.27200000000000002
3366588,earthquake,2010-09-04T10:46:09.444Z,2013-07-16T14:06:00.000Z,172.00344999999998663,-43.27199999999999847,3.22800000000000020,8.46349999999999980,ML,,GROPE,reviewed,manual,nz1dr,14,8,9,0.06100000000000000,102.00000000000000000,0.11206000000000001,0.20000000000000001
3366586,earthquake,2010-09-04T10:38:01.105Z,2013-07-16T14:06:00.000Z,171.98711000000000126,-43.26196000000000197,4.59999999999999964,8.43679999999999986,Mw,,GROPE,reviewed,manual,nz1dr,24,13,0,0.07500000000000000,69.00000000000000000,0.20485999999999999,0.00000000000000000
3366585,earthquake,2010-09-04T10:34:52.350Z,2013-07-16T14:06:00.000Z,172.37567000000001372,-43.59441999999999950,4.00000000000000000,8.24409999999999954,Mw,,GROPE,reviewed,manual,nz1dr,27,18,0,0.00400000000000000,143.00000000000000000,0.20000000000000001,0.00000000000000000
3366584,earthquake,2010-09-04T10:32:34.493Z,2013-07-17T14:27:00.000Z,171.89357000000001108,-43.54205999999999932,2.99299999999999988,5.00000000000000000,ML,operator assigned,GROPE,reviewed,manual,nz1dr,11,6,6,0.23899999999999999,147.00000000000000000,0.12883000000000000,0.25700000000000001
3366582,earthquake,2010-09-04T10:26:44.747Z,2013-07-17T14:26:00.000Z,172.33588000000000306,-43.60829999999999984,3.23499999999999988,5.00000000000000000,ML,operator assigned,GROPE,reviewed,manual,nz1dr,10,6,8,0.21099999999999999,150.00000000000000000,0.14002000000000001,0.12000000000000000
3366580,earthquake,2010-09-04T10:22:13.302Z,2013-07-16T14:06:00.000Z,172.45004000000000133,-43.56748000000000332,2.68999999999999995,5.00000000000000000,ML,operator assigned,GROPE,reviewed,manual,nz1dr,10,5,5,0.12600000000000000,127.00000000000000000,0.19880000000000000,0.16900000000000001
3366576,earthquake,2010-09-04T10:16:31.963Z,2013-07-16T14:06:00.000Z,171.89510000000001355,-43.56403999999999854,3.21399999999999997,5.00000000000000000,ML,operator assigned,GROPE,reviewed,manual,nz1dr,11,6,8,0.25800000000000001,151.00000000000000000,0.16753000000000001,0.19800000000000001
3366573,earthquake,2010-09-04T10:08:03.996Z,2013-07-16T14:06:00.000Z,172.24576999999999316,-43.59602999999999895,2.75099999999999989,5.00000000000000000,ML,operator assigned,GROPE,reviewed,manual,nz1dr,11,6,5,0.27500000000000002,151.00000000000000000,0.24775000000000000,0.09700000000000000
3366571,earthquake,2010-09-04T10:03:12.560Z,2013-07-16T14:06:00.000Z,172.34907999999998651,-43.59174999999999756,3.75899999999999990,5.00000000000000000,ML,operator assigned,GROPE,reviewed,manual,nz1dr,13,7,23,0.20000000000000001,144.00000000000000000,0.21054999999999999,0.20200000000000001
3366565,earthquake,2010-09-04T09:48:00.291Z,2013-07-16T14:06:00.000Z,171.88679999999999382,-43.56665000000000276,3.01500000000000012,5.00000000000000000,ML,operator assigned,GROPE,reviewed,manual,nz1dr,13,7,8,0.26300000000000001,152.00000000000000000,0.13622000000000001,0.13700000000000001
3366562,earthquake,2010-09-04T09:43:09.879Z,2013-07-16T14:06:00.000Z,171.91029000000000337,-43.56403999999999854,2.88600000000000012,5.00000000000000000,ML,operator assigned,GROPE,reviewed,manual,nz1dr,10,6,6,0.25400000000000000,151.00000000000000000,0.18268000000000001,0.22600000000000001
3366561,earthquake,2010-09-04T09:40:14.838Z,2013-07-16T14:06:00.000Z,175.18235999999998853,-39.24161999999999750,3.15399999999999991,25.13459999999999894,ML,,GROPE,reviewed,manual,nz1dr,59,48,32,0.13600000000000001,52.00000000000000000,0.16666000000000000,0.22100000000000000
3366845,earthquake,2010-09-04T09:39:35.015Z,2013-07-16T14:08:00.000Z,172.28660999999999603,-43.60352999999999923,2.83599999999999985,5.00000000000000000,ML,operator assigned,GROPE,reviewed,manual,nz1dr,14,9,6,0.24600000000000000,150.00000000000000000,0.14277999999999999,0.25300000000000000
3366560,earthquake,2010-09-04T09:36:53.047Z,2013-07-16T14:06:00.000Z,172.46963999999999828,-43.60443000000000069,3.49900000000000011,12.13470000000000049,ML,,GROPE,reviewed,manual,nz1dr,13,7,13,0.11500000000000000,135.00000000000000000,0.20221000000000000,0.16800000000000001
3366559,earthquake,2010-09-04T09:34:45.796Z,2013-07-16T14:06:00.000Z,171.97157000000001403,-43.56900999999999868,3.27899999999999991,5.00000000000000000,ML,operator assigned,GROPE,reviewed,manual,nz1dr,12,7,10,0.24600000000000000,131.00000000000000000,0.19091000000000000,0.10600000000000000
3366558,earthquake,2010-09-04T09:33:14.638Z,2013-07-16T14:06:00.000Z,172.40303000000000111,-43.60253999999999763,3.02899999999999991,5.00000000000000000,ML,operator assigned,GROPE,reviewed,manual,nz1dr,11,6,5,0.16200000000000001,143.00000000000000000,0.16350000000000001,0.23100000000000001
3366556,earthquake,2010-09-04T09:29:22.529Z,2013-07-16T14:06:00.000Z,172.19798000000000116,-43.57569999999999766,2.81400000000000006,5.00000000000000000,ML,operator assigned,GROPE,reviewed,manual,nz1dr,10,6,13,0.27400000000000002,148.00000000000000000,0.24329999999999999,0.26600000000000001
3366554,earthquake,2010-09-04T09:27:02.565Z,2013-07-16T14:06:00.000Z,172.21977000000001112,-43.60242000000000218,2.59200000000000008,5.00000000000000000,ML,operator assigned,GROPE,reviewed,manual,nz1dr,11,6,5,0.29399999999999998,153.00000000000000000,0.16472999999999999,0.09700000000000000
3366553,earthquake,2010-09-04T09:19:36.881Z,2013-07-16T14:06:00.000Z,171.87054000000000542,-43.58010999999999768,3.01399999999999979,5.00000000000000000,ML,operator assigned,GROPE,reviewed,manual,nz1dr,12,7,6,0.28000000000000003,133.00000000000000000,0.18603000000000000,0.16100000000000000
3366551,earthquake,2010-09-04T09:11:46.251Z,2013-07-16T14:06:00.000Z,172.12485000000000923,-43.60202999999999918,3.33400000000000007,5.00000000000000000,ML,operator assigned,GROPE,reviewed,manual,nz1dr,11,6,13,0.28199999999999997,155.00000000000000000,0.11319000000000000,0.20399999999999999
3366544,earthquake,2010-09-04T08:54:27.628Z,2013-07-16T14:06:00.000Z,171.85663999999999874,-43.55848000000000297,4.29999999999999982,9.37049999999999983,Mw,,GROPE,reviewed,manual,nz1dr,29,19,0,0.07700000000000000,88.00000000000000000,0.25350000000000000,0.00000000000000000
3366542,earthquake,2010-09-04T08:46:49.447Z,2013-07-16T14:06:00.000Z,172.16225000000000023,-43.61157000000000039,3.76200000000000001,5.92049999999999965,ML,,GROPE,reviewed,manual,nz1dr,14,8,18,0.05800000000000000,157.00000000000000000,0.15523999999999999,0.25800000000000001
3366537,earthquake,2010-09-04T08:35:16.567Z,2013-07-16T14:06:00.000Z,177.39708999999999151,-39.11186000000000007,2.26699999999999990,55.03520000000000323,ML,,GROPE,reviewed,manual,nz1dr,17,10,7,0.23200000000000001,114.00000000000000000,0.15887999999999999,0.13600000000000001
3366536,earthquake,2010-09-04T08:32:47.817Z,2013-07-16T14:06:00.000Z,172.33134000000001151,-43.60403999999999769,3.22800000000000020,12.00000000000000000,ML,operator assigned,GROPE,reviewed,manual,nz1dr,10,6,9,0.21400000000000000,149.00000000000000000,0.26212000000000002,0.17999999999999999
3366535,earthquake,2010-09-04T08:30:13.253Z,2013-07-16T14:06:00.000Z,172.17107999999998924,-43.48067999999999955,2.93199999999999994,5.00000000000000000,ML,operator assigned,GROPE,reviewed,manual,nz1dr,13,7,10,0.05100000000000000,130.00000000000000000,0.15637000000000001,0.34799999999999998
3366534,earthquake,2010-09-04T08:27:47.733Z,2013-07-16T14:06:00.000Z,172.06636000000000308,-43.60074000000000183,3.20400000000000018,5.00000000000000000,ML,operator assigned,GROPE,reviewed,manual,nz1dr,11,6,9,0.27400000000000002,157.00000000000000000,0.14191999999999999,0.16100000000000000
3366532,earthquake,2010-09-04T08:22:22.958Z,2013-07-16T14:06:00.000Z,172.18909999999999627,-43.49125999999999692,3.12300000000000022,5.62739999999999974,ML,,GROPE,reviewed,manual,nz1dr,13,7,8,0.06300000000000000,131.00000000000000000,0.23427000000000001,0.12000000000000000
3366531,earthquake,2010-09-04T08:21:12.102Z,2013-07-16T14:06:00.000Z,172.13925000000000409,-43.48525999999999669,2.72800000000000020,8.74269999999999925,ML,,GROPE,reviewed,manual,nz1dr,12,6,4,0.02800000000000000,132.00000000000000000,0.20993999999999999,0.20599999999999999
3366529,earthquake,2010-09-04T08:16:31.372Z,2013-07-16T14:06:00.000Z,172.40431000000000950,-43.64265000000000327,2.78299999999999992,5.00000000000000000,ML,operator assigned,GROPE,reviewed,manual,nz1dr,10,6,5,0.17199999999999999,155.00000000000000000,0.06422000000000000,0.22600000000000001
3366528,earthquake,2010-09-04T08:10:41.330Z,2013-07-16T14:06:00.000Z,172.34044000000000096,-43.61113000000000284,3.02800000000000002,5.00000000000000000,ML,operator assigned,GROPE,reviewed,manual,nz1dr,10,6,7,0.20799999999999999,150.00000000000000000,0.18248000000000000,0.24399999999999999
3366527,earthquake,2010-09-04T08:08:33.645Z,2013-07-16T14:06:00.000Z,172.17653999999998859,-43.55653999999999826,2.83800000000000008,5.00000000000000000,ML,operator assigned,GROPE,reviewed,manual,nz1dr,11,6,5,0.25000000000000000,145.00000000000000000,0.13455000000000000,0.14899999999999999
3366526,earthquake,2010-09-04T08:06:56.639Z,2013-07-16T14:06:00.000Z,172.18135000000000900,-43.48442000000000007,2.92700000000000005,5.00000000000000000,ML,operator assigned,GROPE,reviewed,manual,nz1dr,9,5,11,0.18800000000000000,131.00000000000000000,0.23322000000000001,0.36699999999999999
3366525,earthquake,2010-09-04T08:04:48.794Z,2013-07-16T14:06:00.000Z,172.31182999999998628,-43.57567000000000235,3.07699999999999996,5.00000000000000000,ML,operator assigned,GROPE,reviewed,manual,nz1dr,10,6,11,0.17399999999999999,143.00000000000000000,0.18872000000000000,0.35599999999999998
3366524,earthquake,2010-09-04T08:00:19.941Z,2013-07-16T14:06:00.000Z,172.34627000000000407,-43.59541000000000111,2.80100000000000016,5.00000000000000000,ML,operator assigned,GROPE,reviewed,manual,nz1dr,9,5,5,0.20200000000000001,145.00000000000000000,0.11275000000000000,0.18400000000000000
3366522,earthquake,2010-09-04T07:56:13.719Z,2013-07-16T14:06:00.000Z,172.36633000000000493,-43.62268999999999863,3.35300000000000020,5.00000000000000000,ML,operator assigned,GROPE,reviewed,manual,nz1dr,11,6,9,0.19200000000000000,152.00000000000000000,0.14904000000000001,0.17000000000000001
3366520,earthquake,2010-09-04T07:51:19.639Z,2013-07-16T14:06:00.000Z,172.31306000000000722,-43.60106999999999999,2.84500000000000020,5.00000000000000000,ML,operator assigned,GROPE,reviewed,manual,nz1dr,10,6,6,0.22700000000000001,149.00000000000000000,0.19077000000000000,0.22900000000000001
3366519,earthquake,2010-09-04T07:47:32.892Z,2013-07-16T14:06:00.000Z,172.35146000000000299,-43.58402000000000243,3.09500000000000020,5.00000000000000000,ML,operator assigned,GROPE,reviewed,manual,nz1dr,11,6,17,0.19700000000000001,142.00000000000000000,0.11362999999999999,0.37100000000000000
3366515,earthquake,2010-09-04T07:37:17.683Z,2013-07-16T14:06:00.000Z,172.37761000000000422,-43.57164999999999822,2.83499999999999996,5.00000000000000000,ML,operator assigned,GROPE,reviewed,manual,nz1dr,9,5,14,0.17799999999999999,137.00000000000000000,0.17158000000000001,0.38100000000000001
3366513,earthquake,2010-09-04T07:31:47.806Z,2013-07-17T14:24:00.000Z,172.39363000000000170,-43.61001000000000261,3.44799999999999995,5.00000000000000000,ML,operator assigned,GROPE,reviewed,manual,nz1dr,11,6,12,0.17000000000000001,146.00000000000000000,0.10754000000000000,0.21199999999999999
3366512,earthquake,2010-09-04T07:29:22.265Z,2013-07-16T14:06:00.000Z,172.32773000000000252,-43.56575000000000131,3.51900000000000013,5.00000000000000000,ML,operator assigned,GROPE,reviewed,manual,nz1dr,12,6,15,0.16800000000000001,139.00000000000000000,0.14990999999999999,0.18400000000000000
3366506,earthquake,2010-09-04T07:13:19.151Z,2013-08-08T13:26:00.000Z,172.35855000000000814,-43.58500000000000085,3.68699999999999983,5.84930000000000039,ML,,GROPE,reviewed,manual,nz1dr,20,13,18,0.08900000000000000,122.00000000000000000,0.13292999999999999,0.25700000000000001
3366504,earthquake,2010-09-04T07:07:07.597Z,2013-08-12T13:54:00.000Z,172.37649999999999295,-43.56893000000000171,4.40000000000000036,8.63729999999999976,Mw,,GROPE,reviewed,manual,nz1dr,31,23,0,0.02600000000000000,59.00000000000000000,0.19531000000000001,0.00000000000000000
3366503,earthquake,2010-09-04T07:03:14.293Z,2013-07-16T14:06:00.000Z,172.38041999999998666,-43.56866000000000128,4.29999999999999982,6.23500000000000032,Mw,,GROPE,reviewed,manual,nz1dr,24,19,0,0.02600000000000000,82.00000000000000000,0.24531000000000000,0.00000000000000000
3366502,earthquake,2010-09-04T07:01:28.662Z,2013-07-16T14:06:00.000Z,172.24768000000000256,-43.60289999999999822,2.82100000000000017,5.00000000000000000,ML,operator assigned,GROPE,reviewed,manual,nz1dr,10,5,5,0.27400000000000002,152.00000000000000000,0.12892999999999999,0.44400000000000001
3366500,earthquake,2010-09-04T06:57:33.566Z,2013-07-16T14:06:00.000Z,172.20491000000001236,-43.54701000000000022,3.65899999999999981,6.57990000000000030,ML,,GROPE,reviewed,manual,nz1dr,11,6,17,0.09300000000000000,141.00000000000000000,0.17072999999999999,0.17899999999999999
3366499,earthquake,2010-09-04T06:54:11.414Z,2013-07-16T14:06:00.000Z,172.37793999999999528,-43.58241000000000298,4.00000000000000000,8.15740000000000087,Mw,,GROPE,reviewed,manual,nz1dr,24,15,0,0.01200000000000000,92.00000000000000000,0.18609999999999999,0.00000000000000000
3366498,earthquake,2010-09-04T06:52:09.655Z,2013-07-16T14:06:00.000Z,172.35322999999999638,-43.57468000000000075,3.30799999999999983,5.00000000000000000,ML,operator assigned,GROPE,reviewed,manual,nz1dr,10,6,10,0.19600000000000001,140.00000000000000000,0.12992999999999999,0.13500000000000001
3366497,earthquake,2010-09-04T06:48:35.232Z,2013-07-16T14:06:00.000Z,172.19836000000000809,-43.51109000000000293,3.04700000000000015,5.00000000000000000,ML,operator assigned,GROPE,reviewed,manual,nz1dr,10,6,13,0.21800000000000000,135.00000000000000000,0.18167000000000000,0.28899999999999998
3366493,earthquake,2010-09-04T06:40:59.808Z,2013-07-16T14:06:00.000Z,172.32554999999999268,-43.70369999999999777,4.02099999999999991,5.00000000000000000,ML,operator assigned,GROPE,reviewed,manual,nz1dr,11,7,23,0.23799999999999999,178.00000000000000000,0.18847000000000000,0.27400000000000002
3366492,earthquake,2010-09-04T06:38:56.614Z,2013-07-16T14:06:00.000Z,172.18959000000000970,-43.57462000000000302,3.83499999999999996,20.60760000000000147,ML,,GROPE,reviewed,manual,nz1dr,14,7,25,0.10500000000000000,112.00000000000000000,0.16075000000000000,0.24299999999999999
3366490,earthquake,2010-09-04T06:37:01.765Z,2013-07-16T14:06:00.000Z,172.10587000000001012,-43.60439000000000220,3.99900000000000011,7.38250000000000028,ML,,GROPE,reviewed,manual,nz1dr,16,9,30,0.11300000000000000,156.00000000000000000,0.18582000000000001,0.23599999999999999
3366488,earthquake,2010-09-04T06:30:08.181Z,2013-07-16T14:06:00.000Z,172.33404999999999063,-43.60363000000000255,2.95599999999999996,5.00000000000000000,ML,operator assigned,GROPE,reviewed,manual,nz1dr,11,6,12,0.21199999999999999,149.00000000000000000,0.13225999999999999,0.35599999999999998
3366487,earthquake,2010-09-04T06:27:16.729Z,2013-07-16T14:06:00.000Z,171.98168999999998618,-43.56389999999999674,3.55100000000000016,9.16350000000000087,ML,,GROPE,reviewed,manual,nz1dr,13,8,16,0.02800000000000000,145.00000000000000000,0.19309999999999999,0.19100000000000000
3366486,earthquake,2010-09-04T06:24:18.105Z,2013-07-16T14:06:00.000Z,172.16469000000000733,-43.59322000000000230,3.06700000000000017,5.00000000000000000,ML,operator assigned,GROPE,reviewed,manual,nz1dr,9,6,8,0.28100000000000003,153.00000000000000000,0.12995000000000001,0.13600000000000001
3366485,earthquake,2010-09-04T06:21:14.767Z,2013-07-16T14:06:00.000Z,172.34567000000001258,-43.59767999999999688,3.03299999999999992,5.00000000000000000,ML,operator assigned,GROPE,reviewed,manual,nz1dr,11,6,8,0.20300000000000001,146.00000000000000000,0.17877999999999999,0.21299999999999999
3366483,earthquake,2010-09-04T06:14:53.020Z,2013-07-16T14:06:00.000Z,172.42841000000001372,-43.62794000000000239,3.06099999999999994,5.00000000000000000,ML,operator assigned,GROPE,reviewed,manual,nz1dr,11,6,5,0.14999999999999999,148.00000000000000000,0.12950000000000000,0.20899999999999999
3366481,earthquake,2010-09-04T06:10:24.036Z,2013-07-16T14:06:00.000Z,172.20305999999999358,-43.54865999999999815,2.71899999999999986,5.00000000000000000,ML,operator assigned,GROPE,reviewed,manual,nz1dr,11,6,5,0.25200000000000000,142.00000000000000000,0.17574000000000001,0.29499999999999998
3366480,earthquake,2010-09-04T06:06:27.035Z,2013-07-16T14:06:00.000Z,172.34825000000000728,-43.59080000000000155,3.21600000000000019,5.00000000000000000,ML,operator assigned,GROPE,reviewed,manual,nz1dr,10,6,8,0.20000000000000001,144.00000000000000000,0.16686000000000001,0.23899999999999999
3366478,earthquake,2010-09-04T05:59:09.294Z,2013-07-16T14:06:00.000Z,172.17650000000000432,-43.45129000000000019,3.60000000000000009,4.01919999999999966,ML,,GROPE,reviewed,manual,nz1dr,13,7,12,0.06700000000000000,107.00000000000000000,0.18490000000000001,0.15200000000000000
3366474,earthquake,2010-09-04T05:49:31.669Z,2013-07-16T14:06:00.000Z,172.34743000000000279,-43.57168000000000063,3.33099999999999996,5.00000000000000000,ML,operator assigned,GROPE,reviewed,manual,nz1dr,8,5,10,0.20000000000000001,139.00000000000000000,0.14752999999999999,0.24199999999999999
3366470,earthquake,2010-09-04T05:35:43.552Z,2013-07-16T14:05:00.000Z,172.25591000000000008,-43.62243999999999744,3.46899999999999986,17.32029999999999959,ML,,GROPE,reviewed,manual,nz1dr,11,6,9,0.27100000000000002,156.00000000000000000,0.09439000000000000,0.16100000000000000
3366469,earthquake,2010-09-04T05:33:01.813Z,2013-07-16T14:05:00.000Z,172.20309000000000310,-43.61381000000000085,3.35999999999999988,5.00000000000000000,ML,operator assigned,GROPE,reviewed,manual,nz1dr,11,6,13,0.30700000000000000,157.00000000000000000,0.11459000000000000,0.12700000000000000
3366468,earthquake,2010-09-04T05:29:10.968Z,2013-07-16T14:05:00.000Z,172.18039999999999168,-43.50831000000000159,3.44799999999999995,5.00000000000000000,ML,operator assigned,GROPE,reviewed,manual,nz1dr,11,6,12,0.20799999999999999,135.00000000000000000,0.17637000000000000,0.15700000000000000
3366465,earthquake,2010-09-04T05:25:02.497Z,2013-07-16T14:05:00.000Z,172.28327999999999065,-43.62033999999999878,3.58499999999999996,8.10180000000000078,ML,,GROPE,reviewed,manual,nz1dr,16,9,16,0.07900000000000000,124.00000000000000000,0.16280000000000000,0.20399999999999999
3366463,earthquake,2010-09-04T05:20:46.543Z,2013-07-16T14:05:00.000Z,172.20201000000000136,-43.57437000000000182,2.52999999999999980,5.00000000000000000,ML,operator assigned,GROPE,reviewed,manual,nz1dr,9,5,6,0.27400000000000002,148.00000000000000000,0.11650000000000001,0.12300000000000000
3366461,earthquake,2010-09-04T05:17:26.027Z,2013-07-16T14:05:00.000Z,165.80189999999998918,-46.15576000000000079,3.31000000000000005,12.00000000000000000,ML,operator assigned,GROPE,reviewed,manual,nz1dr,8,4,3,0.61099999999999999,299.00000000000000000,0.49267000000000000,0.15100000000000000
3366459,earthquake,2010-09-04T05:11:12.749Z,2013-07-16T14:05:00.000Z,172.20826999999999884,-43.61097999999999786,2.97299999999999986,5.00000000000000000,ML,operator assigned,GROPE,reviewed,manual,nz1dr,10,5,13,0.30299999999999999,155.00000000000000000,0.20885999999999999,0.28499999999999998
3366458,earthquake,2010-09-04T05:09:39.026Z,2013-07-17T14:20:00.000Z,172.31460999999998762,-43.54536999999999836,2.80500000000000016,5.00000000000000000,ML,operator assigned,GROPE,reviewed,manual,nz1dr,10,5,5,0.22600000000000001,135.00000000000000000,0.11536000000000000,0.22000000000000000
3366457,earthquake,2010-09-04T05:07:12.118Z,2013-07-16T14:05:00.000Z,172.35181000000000040,-43.60376000000000118,3.71099999999999985,13.13949999999999996,ML,,GROPE,reviewed,manual,nz1dr,15,10,22,0.19900000000000001,147.00000000000000000,0.17222000000000001,0.20799999999999999
3366456,earthquake,2010-09-04T05:04:32.718Z,2013-07-16T14:05:00.000Z,171.97393999999999892,-43.55993000000000137,3.12900000000000000,5.00000000000000000,ML,operator assigned,GROPE,reviewed,manual,nz1dr,9,6,9,0.23699999999999999,150.00000000000000000,0.18214000000000000,0.17100000000000001
3366452,earthquake,2010-09-04T04:55:56.511Z,2013-07-16T14:05:00.000Z,171.97870000000000346,-43.54764999999999731,4.79999999999999982,9.80390000000000050,Mw,,GROPE,reviewed,manual,nz1dr,37,26,0,0.01500000000000000,44.00000000000000000,0.21503000000000000,0.00000000000000000
3366450,earthquake,2010-09-04T04:48:38.951Z,2013-08-12T13:50:00.000Z,172.41013000000000943,-43.62013999999999925,3.89999999999999991,9.33000000000000007,Mw,,GROPE,reviewed,manual,nz1dr,21,15,0,0.03300000000000000,148.00000000000000000,0.15678000000000000,0.00000000000000000
3366449,earthquake,2010-09-04T04:44:24.975Z,2013-07-16T14:05:00.000Z,172.32294999999999163,-43.61540999999999713,3.68999999999999995,9.70410000000000039,ML,,GROPE,reviewed,manual,nz1dr,19,11,23,0.04700000000000000,152.00000000000000000,0.18301000000000001,0.20499999999999999
3366445,earthquake,2010-09-04T04:33:45.031Z,2013-07-16T14:05:00.000Z,171.94656000000000518,-43.55980000000000274,3.93299999999999983,7.03849999999999998,ML,,GROPE,reviewed,manual,nz1dr,17,10,24,0.13200000000000001,150.00000000000000000,0.21310999999999999,0.23899999999999999
3366444,earthquake,2010-09-04T04:32:01.582Z,2013-07-16T14:05:00.000Z,172.23259999999999081,-43.61616999999999678,3.26399999999999979,5.00000000000000000,ML,operator assigned,GROPE,reviewed,manual,nz1dr,11,6,9,0.28599999999999998,156.00000000000000000,0.12389000000000000,0.14399999999999999
3366462,earthquake,2010-09-04T04:26:38.564Z,2013-07-16T14:05:00.000Z,177.19720000000000937,-37.45109000000000066,3.07399999999999984,126.59539999999999793,ML,,GROPE,reviewed,manual,nz1dr,10,5,4,0.55700000000000005,273.00000000000000000,0.17688999999999999,0.31100000000000000
3366442,earthquake,2010-09-04T04:25:45.903Z,2013-07-16T14:05:00.000Z,172.40711999999999193,-43.62480999999999653,3.41900000000000004,5.00000000000000000,ML,operator assigned,GROPE,reviewed,manual,nz1dr,8,4,9,0.16400000000000001,203.00000000000000000,0.26748000000000000,0.28599999999999998
3366440,earthquake,2010-09-04T04:22:20.638Z,2013-07-16T14:05:00.000Z,172.23569000000000528,-43.59897000000000133,2.83400000000000007,5.00000000000000000,ML,operator assigned,GROPE,reviewed,manual,nz1dr,11,6,5,0.28199999999999997,152.00000000000000000,0.21584000000000000,0.13100000000000001
3366437,earthquake,2010-09-04T04:11:11.456Z,2013-07-16T14:05:00.000Z,172.24897999999998888,-43.62496000000000151,3.71899999999999986,5.00000000000000000,ML,operator assigned,GROPE,reviewed,manual,nz1dr,13,8,12,0.17100000000000001,158.00000000000000000,0.21579000000000001,0.22400000000000000
3366434,earthquake,2010-09-04T04:03:51.134Z,2013-07-16T14:05:00.000Z,171.91993999999999687,-43.56841000000000008,3.41699999999999982,5.00000000000000000,ML,operator assigned,GROPE,reviewed,manual,nz1dr,10,7,11,0.25600000000000001,131.00000000000000000,0.19353000000000001,0.24600000000000000
3366432,earthquake,2010-09-04T03:59:42.420Z,2013-07-16T14:05:00.000Z,172.37053000000000225,-43.57858999999999838,3.31199999999999983,5.00000000000000000,ML,operator assigned,GROPE,reviewed,manual,nz1dr,9,5,8,0.18300000000000000,139.00000000000000000,0.11640000000000000,0.14699999999999999
3366427,earthquake,2010-09-04T03:56:17.164Z,2013-07-16T14:05:00.000Z,172.39882000000000062,-43.60123000000000104,3.88399999999999990,8.47949999999999982,ML,,GROPE,reviewed,manual,nz1dr,16,11,25,0.15100000000000000,143.00000000000000000,0.17774000000000001,0.20799999999999999
3366423,earthquake,2010-09-04T03:44:14.101Z,2013-07-16T14:05:00.000Z,172.06325000000001069,-43.62174999999999869,3.97500000000000009,5.00000000000000000,ML,operator assigned,GROPE,reviewed,manual,nz1dr,12,9,23,0.03900000000000000,138.00000000000000000,0.15154000000000001,0.19500000000000001
3366420,earthquake,2010-09-04T03:40:02.947Z,2013-07-16T14:05:00.000Z,172.53952000000001021,-43.52347000000000321,3.51299999999999990,17.43570000000000064,ML,,GROPE,reviewed,manual,nz1dr,15,8,14,0.03900000000000000,141.00000000000000000,0.14002000000000001,0.21299999999999999
3366419,earthquake,2010-09-04T03:35:22.870Z,2013-07-16T14:05:00.000Z,172.19666000000000849,-43.57694999999999652,3.00400000000000000,5.00000000000000000,ML,operator assigned,GROPE,reviewed,manual,nz1dr,11,6,9,0.27500000000000002,148.00000000000000000,0.19253999999999999,0.13900000000000001
3366416,earthquake,2010-09-04T03:24:39.771Z,2013-07-16T14:05:00.000Z,172.34200999999998771,-43.66002000000000294,3.31099999999999994,12.00000000000000000,ML,operator assigned,GROPE,reviewed,manual,nz1dr,11,6,9,0.22100000000000000,164.00000000000000000,0.14519000000000001,0.14699999999999999
3366409,earthquake,2010-09-04T03:11:47.416Z,2013-07-16T14:05:00.000Z,172.37134000000000356,-43.61493999999999716,3.31700000000000017,5.00000000000000000,ML,operator assigned,GROPE,reviewed,manual,nz1dr,10,6,5,0.18700000000000000,149.00000000000000000,0.09580000000000000,0.14899999999999999
3366403,earthquake,2010-09-04T02:56:56.949Z,2013-07-16T14:05:00.000Z,168.35232999999999493,-44.57168999999999670,2.73499999999999988,5.00000000000000000,ML,operator assigned,GROPE,reviewed,manual,nz1dr,9,6,6,0.32100000000000001,141.00000000000000000,0.20905000000000001,0.19000000000000000
3366401,earthquake,2010-09-04T02:50:18.847Z,2013-07-16T14:05:00.000Z,172.35373999999998773,-43.59917000000000087,3.83700000000000019,10.48670000000000080,ML,,GROPE,reviewed,manual,nz1dr,16,10,21,0.17199999999999999,145.00000000000000000,0.21662000000000001,0.24399999999999999
3366400,earthquake,2010-09-04T02:48:43.144Z,2013-07-17T14:16:00.000Z,172.19746000000000663,-43.52571999999999974,3.36900000000000022,5.00000000000000000,ML,operator assigned,GROPE,reviewed,manual,nz1dr,10,6,10,0.07800000000000000,158.00000000000000000,0.14832000000000001,0.16000000000000000
3366397,earthquake,2010-09-04T02:43:28.600Z,2013-07-16T14:05:00.000Z,172.38351000000000113,-43.55687999999999960,3.19300000000000006,5.00000000000000000,ML,operator assigned,GROPE,reviewed,manual,nz1dr,10,5,15,0.17499999999999999,132.00000000000000000,0.14752999999999999,0.32600000000000001
3366395,earthquake,2010-09-04T02:36:56.662Z,2013-07-16T14:05:00.000Z,172.36048999999999864,-43.59975000000000023,3.17700000000000005,5.00000000000000000,ML,operator assigned,GROPE,reviewed,manual,nz1dr,5,3,7,0.19200000000000000,176.00000000000000000,0.05349000000000000,0.15500000000000000
3366393,earthquake,2010-09-04T02:32:59.874Z,2013-07-16T14:05:00.000Z,172.94283999999998969,-43.72343000000000046,3.37400000000000011,26.17360000000000042,ML,,GROPE,reviewed,manual,nz1dr,9,5,6,0.20999999999999999,298.00000000000000000,0.14526000000000000,0.22000000000000000
3366392,earthquake,2010-09-04T02:30:17.090Z,2013-07-16T14:05:00.000Z,172.03274999999999295,-43.58489000000000146,2.97500000000000009,5.00000000000000000,ML,operator assigned,GROPE,reviewed,manual,nz1dr,14,7,8,0.25700000000000001,133.00000000000000000,0.15135000000000001,0.23999999999999999
3366389,earthquake,2010-09-04T02:22:40.924Z,2013-07-16T14:05:00.000Z,172.31811999999999330,-43.58928000000000225,3.39999999999999991,5.00000000000000000,ML,operator assigned,GROPE,reviewed,manual,nz1dr,11,6,7,0.22200000000000000,146.00000000000000000,0.17210000000000000,0.24600000000000000
3366386,earthquake,2010-09-04T02:14:10.760Z,2013-07-16T14:05:00.000Z,172.37560999999999467,-43.56815000000000282,3.25300000000000011,5.00000000000000000,ML,operator assigned,GROPE,reviewed,manual,nz1dr,8,5,6,0.17999999999999999,136.00000000000000000,0.11174000000000001,0.40799999999999997
3366384,earthquake,2010-09-04T02:10:04.264Z,2013-07-16T14:05:00.000Z,172.42179999999999040,-43.61424999999999841,3.02400000000000002,5.00000000000000000,ML,operator assigned,GROPE,reviewed,manual,nz1dr,10,5,5,0.15100000000000000,145.00000000000000000,0.07735000000000000,0.27900000000000003
3366383,earthquake,2010-09-04T02:06:27.752Z,2013-07-16T14:05:00.000Z,172.16835000000000377,-43.46699000000000268,3.59399999999999986,5.84600000000000009,ML,,GROPE,reviewed,manual,nz1dr,12,7,15,0.05400000000000000,119.00000000000000000,0.20668000000000000,0.21700000000000000
3366379,earthquake,2010-09-04T01:59:48.173Z,2013-07-16T14:05:00.000Z,176.39173999999999864,-39.24300000000000210,3.16299999999999981,55.27089999999999748,ML,,GROPE,reviewed,manual,nz1dr,64,59,22,0.10900000000000000,35.00000000000000000,0.26599000000000000,0.17100000000000001
3366376,earthquake,2010-09-04T01:52:21.894Z,2013-07-16T14:05:00.000Z,172.33606000000000336,-43.54554000000000258,4.09999999999999964,8.20570000000000022,Mw,,GROPE,reviewed,manual,nz1dr,26,19,0,0.05900000000000000,73.00000000000000000,0.23125999999999999,0.00000000000000000
3366375,earthquake,2010-09-04T01:49:24.582Z,2013-07-16T14:05:00.000Z,172.32679999999999154,-43.59009999999999962,3.93500000000000005,16.66649999999999920,ML,,GROPE,reviewed,manual,nz1dr,15,8,24,0.19100000000000000,146.00000000000000000,0.13592000000000001,0.21900000000000000
3366369,earthquake,2010-09-04T01:32:23.698Z,2013-07-17T12:22:00.000Z,172.37800999999998908,-43.58355000000000246,2.99000000000000021,5.00000000000000000,ML,operator assigned,GROPE,reviewed,manual,nz1dr,10,6,10,0.17799999999999999,140.00000000000000000,0.13666000000000000,0.29699999999999999
3366368,earthquake,2010-09-04T01:29:40.635Z,2013-07-16T14:05:00.000Z,172.14718999999999482,-43.59711999999999676,2.81199999999999983,5.00000000000000000,ML,operator assigned,GROPE,reviewed,manual,nz1dr,10,6,5,0.28100000000000003,154.00000000000000000,0.08721000000000000,0.12500000000000000
3366366,earthquake,2010-09-04T01:27:05.964Z,2013-07-16T14:05:00.000Z,172.18220999999999776,-43.46634000000000242,3.32600000000000007,5.38910000000000000,ML,,GROPE,reviewed,manual,nz1dr,12,7,9,0.06300000000000000,122.00000000000000000,0.15784999999999999,0.12500000000000000
3366361,earthquake,2010-09-04T01:15:20.169Z,2013-07-16T14:05:00.000Z,172.59632999999999470,-43.65122000000000213,3.61299999999999999,17.36929999999999907,ML,,GROPE,reviewed,manual,nz1dr,11,6,5,0.07000000000000001,129.00000000000000000,0.13023000000000001,0.34599999999999997
3366358,earthquake,2010-09-04T01:08:03.295Z,2013-07-16T14:05:00.000Z,171.85692000000000235,-43.57724000000000331,3.82299999999999995,5.00000000000000000,ML,operator assigned,GROPE,reviewed,manual,nz1dr,13,8,19,0.25400000000000000,153.00000000000000000,0.17946000000000001,0.19300000000000000
3366357,earthquake,2010-09-04T01:07:47.331Z,2013-07-16T14:05:00.000Z,172.37297000000000935,-43.60940999999999690,2.80900000000000016,5.00000000000000000,ML,operator assigned,GROPE,reviewed,manual,nz1dr,9,5,14,0.18500000000000000,147.00000000000000000,0.15969000000000000,0.32500000000000001
3366355,earthquake,2010-09-04T00:58:33.205Z,2013-07-16T14:05:00.000Z,172.15273999999999432,-43.47659000000000162,4.30400000000000027,7.30020000000000024,ML,,GROPE,reviewed,manual,nz1dr,18,12,37,0.04000000000000000,125.00000000000000000,0.19033000000000000,0.27100000000000002
3366354,earthquake,2010-09-04T00:57:09.773Z,2013-07-16T14:05:00.000Z,172.36609999999998877,-43.56586000000000070,2.89999999999999991,5.00000000000000000,ML,operator assigned,GROPE,reviewed,manual,nz1dr,10,6,5,0.18700000000000000,137.00000000000000000,0.21754000000000001,0.26200000000000001
3366351,earthquake,2010-09-04T00:47:34.477Z,2013-07-16T14:05:00.000Z,171.88222999999999274,-43.57580999999999705,3.50599999999999978,5.00000000000000000,ML,operator assigned,GROPE,reviewed,manual,nz1dr,13,7,17,0.21099999999999999,153.00000000000000000,0.23921000000000001,0.17699999999999999
3366347,earthquake,2010-09-04T00:37:27.563Z,2013-07-16T14:05:00.000Z,172.33045999999998799,-43.55223000000000155,2.61500000000000021,5.00000000000000000,ML,operator assigned,GROPE,reviewed,manual,nz1dr,9,5,6,0.21400000000000000,136.00000000000000000,0.19486999999999999,0.35599999999999998
3366343,earthquake,2010-09-04T00:27:26.396Z,2013-07-16T14:05:00.000Z,172.37650999999999613,-43.61645999999999646,4.20199999999999996,5.00000000000000000,ML,operator assigned,GROPE,reviewed,manual,nz1dr,20,12,26,0.06700000000000000,149.00000000000000000,0.13025000000000000,0.26800000000000002
3366340,earthquake,2010-09-04T00:18:04.280Z,2013-07-16T14:05:00.000Z,172.22211999999998966,-43.57833000000000112,3.99400000000000022,17.64699999999999847,ML,,GROPE,reviewed,manual,nz1dr,22,14,35,0.12300000000000000,147.00000000000000000,0.17107000000000000,0.21199999999999999
3366339,earthquake,2010-09-04T00:16:07.828Z,2013-07-16T14:05:00.000Z,172.15584999999998672,-43.61858000000000146,3.50099999999999989,5.00000000000000000,ML,operator assigned,GROPE,reviewed,manual,nz1dr,10,5,10,0.30299999999999999,159.00000000000000000,0.13902000000000000,0.18300000000000000
3366337,earthquake,2010-09-04T00:13:06.363Z,2013-07-16T14:05:00.000Z,172.04464999999999009,-43.62013999999999925,3.33400000000000007,5.00000000000000000,ML,operator assigned,GROPE,reviewed,manual,nz1dr,11,7,12,0.29299999999999998,139.00000000000000000,0.21487000000000001,0.40000000000000002
3366335,earthquake,2010-09-04T00:08:54.070Z,2013-07-16T14:05:00.000Z,172.40389999999999304,-43.65635000000000332,3.68400000000000016,8.40450000000000053,ML,,GROPE,reviewed,manual,nz1dr,18,10,16,0.05600000000000000,160.00000000000000000,0.19213000000000000,0.19000000000000000
3366332,earthquake,2010-09-04T00:01:14.168Z,2013-07-16T14:05:00.000Z,172.14973000000000525,-43.59729999999999706,3.58199999999999985,7.70000000000000018,ML,,GROPE,reviewed,manual,nz1dr,17,9,15,0.04500000000000000,154.00000000000000000,0.19105000000000000,0.16900000000000001
3366326,earthquake,2010-09-03T23:46:14.201Z,2013-07-16T14:04:00.000Z,174.68691999999998643,-39.21457000000000193,2.28200000000000003,24.52469999999999928,ML,,GROPE,reviewed,manual,nz1dr,9,4,3,0.10400000000000000,272.00000000000000000,0.17337000000000000,0.21900000000000000
3366322,earthquake,2010-09-03T23:40:14.177Z,2013-07-16T14:04:00.000Z,172.30523999999999774,-43.59980000000000189,3.45500000000000007,5.00000000000000000,ML,operator assigned,GROPE,reviewed,manual,nz1dr,12,6,15,0.18300000000000000,149.00000000000000000,0.20255999999999999,0.14099999999999999
3366307,earthquake,2010-09-03T23:05:43.432Z,2013-07-16T14:04:00.000Z,172.36117999999999029,-43.63866000000000156,4.12699999999999978,5.00000000000000000,ML,operator assigned,GROPE,reviewed,manual,nz1dr,17,8,34,0.20000000000000001,157.00000000000000000,0.18934000000000001,0.31100000000000000
3366305,earthquake,2010-09-03T22:58:23.014Z,2013-07-16T14:04:00.000Z,172.13286999999999694,-43.58955000000000268,3.09100000000000019,5.00000000000000000,ML,operator assigned,GROPE,reviewed,manual,nz1dr,11,5,7,0.27100000000000002,152.00000000000000000,0.14693999999999999,0.21900000000000000
3366297,earthquake,2010-09-03T22:38:50.032Z,2013-07-16T14:04:00.000Z,172.37078999999999951,-43.55818000000000012,3.92399999999999993,5.00000000000000000,ML,operator assigned,GROPE,reviewed,manual,nz1dr,12,6,25,0.18300000000000000,134.00000000000000000,0.22228000000000001,0.19000000000000000
3366296,earthquake,2010-09-03T22:36:54.514Z,2013-07-16T14:04:00.000Z,172.19826000000000477,-43.53819000000000017,3.01200000000000001,5.00000000000000000,ML,operator assigned,GROPE,reviewed,manual,nz1dr,10,5,7,0.24099999999999999,141.00000000000000000,0.18074999999999999,0.13300000000000001
3366285,earthquake,2010-09-03T22:04:38.795Z,2013-07-16T14:04:00.000Z,172.41985999999999990,-43.56096000000000146,3.85000000000000009,13.51740000000000030,ML,,GROPE,reviewed,manual,nz1dr,11,6,4,0.14799999999999999,130.00000000000000000,0.21496999999999999,0.14699999999999999
3366284,earthquake,2010-09-03T22:02:11.049Z,2013-07-16T14:04:00.000Z,172.18928999999999974,-43.58767999999999887,3.31499999999999995,5.00000000000000000,ML,operator assigned,GROPE,reviewed,manual,nz1dr,9,5,14,0.28199999999999997,151.00000000000000000,0.15295000000000000,0.14999999999999999
3366278,earthquake,2010-09-03T21:49:07.127Z,2013-07-16T14:04:00.000Z,172.27906999999999016,-43.61818000000000239,3.22000000000000020,5.00000000000000000,ML,operator assigned,GROPE,reviewed,manual,nz1dr,10,5,6,0.18099999999999999,207.00000000000000000,0.14308999999999999,0.15400000000000000
3366275,earthquake,2010-09-03T21:42:43.423Z,2013-08-12T13:46:00.000Z,172.36874000000000251,-43.57392999999999716,3.79999999999999982,5.62729999999999997,Mw,,GROPE,reviewed,manual,nz1dr,29,15,0,0.07800000000000000,138.00000000000000000,0.22680000000000000,0.00000000000000000
3366266,earthquake,2010-09-03T21:21:19.413Z,2013-07-16T14:04:00.000Z,172.27837999999999852,-43.58798999999999779,3.67499999999999982,5.00000000000000000,ML,operator assigned,GROPE,reviewed,manual,nz1dr,13,8,22,0.25100000000000000,147.00000000000000000,0.21782000000000001,0.25600000000000001
3366241,earthquake,2010-09-03T20:15:05.387Z,2013-07-16T14:04:00.000Z,172.37065000000001191,-43.57023000000000224,4.40000000000000036,5.00000000000000000,Mw,operator assigned,GROPE,reviewed,manual,nz1dr,30,23,0,0.02500000000000000,69.00000000000000000,0.22559999999999999,0.00000000000000000
3366227,earthquake,2010-09-03T19:52:40.086Z,2013-07-16T14:04:00.000Z,172.19888000000000261,-43.51200000000000045,3.33499999999999996,5.00000000000000000,ML,operator assigned,GROPE,reviewed,manual,nz1dr,15,9,8,0.07300000000000000,135.00000000000000000,0.27243000000000001,0.20999999999999999
3366213,earthquake,2010-09-03T19:07:01.664Z,2013-07-16T14:04:00.000Z,172.21689000000000647,-43.58670999999999651,4.59999999999999964,15.41670000000000051,Mw,,GROPE,reviewed,manual,nz1dr,40,28,0,0.08400000000000001,79.00000000000000000,0.19561000000000001,0.00000000000000000
3366212,earthquake,2010-09-03T19:03:36.592Z,2013-07-16T14:04:00.000Z,172.35283000000001152,-43.62333000000000283,3.77000000000000002,5.00000000000000000,ML,operator assigned,GROPE,reviewed,manual,nz1dr,15,7,20,0.03500000000000000,108.00000000000000000,0.13136999999999999,0.23499999999999999
3366206,earthquake,2010-09-03T18:54:38.087Z,2013-07-16T14:04:00.000Z,172.38315000000000055,-43.62460000000000093,3.78900000000000015,7.42999999999999972,ML,,GROPE,reviewed,manual,nz1dr,22,13,24,0.03000000000000000,151.00000000000000000,0.17363999999999999,0.21099999999999999
3366198,earthquake,2010-09-03T18:33:15.690Z,2013-07-16T14:04:00.000Z,172.37220999999999549,-43.62337000000000131,4.17199999999999971,11.60330000000000084,ML,,GROPE,reviewed,manual,nz1dr,29,13,31,0.13500000000000001,130.00000000000000000,0.27234999999999998,0.26100000000000001
3366196,earthquake,2010-09-03T18:24:05.119Z,2013-07-16T14:04:00.000Z,172.17479000000000156,-43.46813999999999822,3.81499999999999995,5.87760000000000016,ML,,GROPE,reviewed,manual,nz1dr,11,6,5,0.05800000000000000,121.00000000000000000,0.16624000000000000,0.18099999999999999
3769220,earthquake,2010-09-03T18:18:03.572Z,2013-07-16T14:52:00.000Z,172.41998000000000957,-43.65785000000000338,4.20800000000000018,8.37369999999999948,ML,,GROPE,reviewed,manual,nz1dr,28,17,20,0.04800000000000000,199.00000000000000000,0.13206000000000001,0.25200000000000000
3769188,earthquake,2010-09-03T18:17:59.040Z,2013-07-16T14:52:00.000Z,171.95787000000001399,-43.52837000000000245,4.27400000000000002,17.39450000000000074,ML,,GROPE,reviewed,manual,nz1dr,12,5,10,0.11100000000000000,183.00000000000000000,0.12609999999999999,0.21500000000000000
3769164,earthquake,2010-09-03T18:16:19.036Z,2013-07-16T14:52:00.000Z,172.15110999999998853,-43.49398999999999660,3.95900000000000007,7.68520000000000003,ML,,GROPE,reviewed,manual,nz1dr,15,7,26,0.03600000000000000,133.00000000000000000,0.21912999999999999,0.26300000000000001
3373533,earthquake,2010-09-03T18:15:55.439Z,2013-07-16T14:33:00.000Z,175.07938999999998941,-39.28598000000000212,2.42399999999999993,31.89440000000000097,ML,,GROPE,reviewed,manual,nz1dr,26,18,12,0.20699999999999999,195.00000000000000000,0.14227000000000001,0.10299999999999999
3366191,earthquake,2010-09-03T18:15:25.744Z,2013-07-16T14:04:00.000Z,172.19291999999998666,-43.59906000000000148,4.13199999999999967,5.00000000000000000,ML,operator assigned,GROPE,reviewed,manual,nz1dr,20,13,30,0.12600000000000000,154.00000000000000000,0.10342000000000000,0.22300000000000000
3769077,earthquake,2010-09-03T18:13:32.855Z,2013-07-16T14:52:00.000Z,171.94991999999999166,-43.47793000000000063,3.34100000000000019,10.58740000000000059,ML,,GROPE,reviewed,manual,nz1dr,11,5,7,0.16300000000000001,136.00000000000000000,0.34575000000000000,0.20100000000000001
3769062,earthquake,2010-09-03T18:12:53.573Z,2013-07-16T14:52:00.000Z,172.00300999999998908,-43.51379000000000019,3.14100000000000001,12.00000000000000000,ML,operator assigned,GROPE,reviewed,manual,nz1dr,11,5,11,0.18800000000000000,140.00000000000000000,0.39293000000000000,0.13800000000000001
3768617,earthquake,2010-09-03T18:11:18.848Z,2013-07-16T14:52:00.000Z,172.18809999999999150,-43.59219999999999828,3.43199999999999994,5.00000000000000000,ML,operator assigned,GROPE,reviewed,manual,nz1dr,13,6,11,0.28599999999999998,152.00000000000000000,0.29768000000000000,0.12900000000000000
3768616,earthquake,2010-09-03T18:10:16.229Z,2013-07-16T14:52:00.000Z,172.19544999999999391,-43.54142000000000223,3.93800000000000017,5.00000000000000000,ML,operator assigned,GROPE,reviewed,manual,nz1dr,12,6,10,0.24299999999999999,141.00000000000000000,0.31023000000000001,0.19600000000000001
3768610,earthquake,2010-09-03T18:10:08.672Z,2013-07-16T14:52:00.000Z,172.09860000000000468,-43.51294000000000040,3.85999999999999988,5.00000000000000000,ML,operator assigned,GROPE,reviewed,manual,nz1dr,10,4,10,0.19100000000000000,231.00000000000000000,0.12656999999999999,0.24900000000000000
3768597,earthquake,2010-09-03T18:09:36.089Z,2013-07-16T14:52:00.000Z,172.12165999999999144,-43.60501000000000005,3.99600000000000000,8.46400000000000041,ML,,GROPE,reviewed,manual,nz1dr,16,9,10,0.11400000000000000,237.00000000000000000,0.19675000000000001,0.22000000000000000
3768584,earthquake,2010-09-03T18:09:19.285Z,2013-07-16T14:52:00.000Z,172.00880000000000791,-43.55745000000000289,4.13100000000000023,6.69730000000000025,ML,,GROPE,reviewed,manual,nz1dr,25,15,18,0.03900000000000000,129.00000000000000000,0.28288999999999997,0.27400000000000002
3768604,earthquake,2010-09-03T18:08:33.911Z,2013-07-16T14:52:00.000Z,172.16051999999999111,-43.58697000000000088,3.49800000000000022,5.00000000000000000,ML,operator assigned,GROPE,reviewed,manual,nz1dr,12,6,11,0.27400000000000002,151.00000000000000000,0.14396000000000000,0.16500000000000001
3366188,earthquake,2010-09-03T18:07:12.877Z,2013-07-16T14:04:00.000Z,172.43192999999999415,-43.57898999999999745,3.90099999999999980,15.55390000000000050,ML,,GROPE,reviewed,manual,nz1dr,20,14,11,0.04000000000000000,140.00000000000000000,0.08930000000000000,0.32900000000000001
3366187,earthquake,2010-09-03T18:04:07.175Z,2013-07-16T14:04:00.000Z,172.52414999999999168,-43.55024999999999835,4.08300000000000018,21.08480000000000132,ML,,GROPE,reviewed,manual,nz1dr,30,18,45,0.03800000000000000,72.00000000000000000,0.16882000000000000,0.25400000000000000
3767959,earthquake,2010-09-03T18:02:31.519Z,2013-07-16T14:52:00.000Z,172.31593000000000870,-43.56947999999999865,3.53299999999999992,5.00000000000000000,ML,operator assigned,GROPE,reviewed,manual,nz1dr,10,3,8,0.22300000000000000,200.00000000000000000,0.46189000000000002,0.26200000000000001
3767953,earthquake,2010-09-03T18:02:00.850Z,2013-07-16T14:52:00.000Z,172.57639000000000351,-43.62541999999999831,3.72999999999999998,24.07420000000000115,ML,,GROPE,reviewed,manual,nz1dr,11,5,8,0.06000000000000000,119.00000000000000000,0.34383999999999998,0.18200000000000000
3767931,earthquake,2010-09-03T18:01:48.652Z,2013-07-16T14:52:00.000Z,172.31988999999998668,-43.63718999999999681,3.61900000000000022,5.00000000000000000,ML,operator assigned,GROPE,reviewed,manual,nz1dr,8,4,6,0.22800000000000001,220.00000000000000000,0.10241000000000000,0.09800000000000000
3767425,earthquake,2010-09-03T18:01:11.774Z,2013-07-16T14:52:00.000Z,172.33322000000001140,-43.59949999999999903,4.41600000000000037,8.22429999999999950,ML,,GROPE,reviewed,manual,nz1dr,38,24,57,0.03500000000000000,81.00000000000000000,0.32535999999999998,0.24700000000000000
3767422,earthquake,2010-09-03T17:59:49.683Z,2013-07-16T14:52:00.000Z,172.15215000000000600,-43.50171999999999883,3.50599999999999978,5.00000000000000000,ML,operator assigned,GROPE,reviewed,manual,nz1dr,9,5,10,0.19300000000000000,135.00000000000000000,0.10868000000000000,0.32000000000000001
3767415,earthquake,2010-09-03T17:59:13.914Z,2013-07-16T14:52:00.000Z,172.18354999999999677,-43.44917000000000229,3.72299999999999986,5.00000000000000000,ML,operator assigned,GROPE,reviewed,manual,nz1dr,10,5,10,0.16100000000000000,125.00000000000000000,0.25569999999999998,0.40899999999999997
3767395,earthquake,2010-09-03T17:57:50.590Z,2013-07-16T14:52:00.000Z,172.18985000000000696,-43.46670000000000300,4.29800000000000004,5.00000000000000000,ML,operator assigned,GROPE,reviewed,manual,nz1dr,15,9,15,0.17799999999999999,95.00000000000000000,0.30835000000000001,0.17399999999999999
3767387,earthquake,2010-09-03T17:57:23.870Z,2013-07-16T14:52:00.000Z,171.91265999999998826,-43.56143999999999750,4.48599999999999977,5.00000000000000000,ML,operator assigned,GROPE,reviewed,manual,nz1dr,21,12,49,0.18800000000000000,94.00000000000000000,0.31108000000000002,0.26700000000000002
3767353,earthquake,2010-09-03T17:56:55.124Z,2013-07-16T14:52:00.000Z,172.20213000000001102,-43.59799999999999898,4.07300000000000040,5.00000000000000000,ML,operator assigned,GROPE,reviewed,manual,nz1dr,14,7,6,0.12900000000000000,153.00000000000000000,0.20377999999999999,0.17599999999999999
3767340,earthquake,2010-09-03T17:56:27.477Z,2013-07-16T14:52:00.000Z,172.39745999999999526,-43.58581000000000216,3.29000000000000004,5.00000000000000000,ML,operator assigned,GROPE,reviewed,manual,nz1dr,8,4,5,0.16400000000000001,191.00000000000000000,0.21343000000000001,0.09300000000000000
3767335,earthquake,2010-09-03T17:55:04.199Z,2013-07-16T14:52:00.000Z,172.16213999999999373,-43.48512000000000199,4.29300000000000015,5.92860000000000031,ML,,GROPE,reviewed,manual,nz1dr,22,11,38,0.04400000000000000,132.00000000000000000,0.20366999999999999,0.24800000000000000
3767262,earthquake,2010-09-03T17:53:03.557Z,2013-07-16T14:52:00.000Z,172.21378999999998882,-43.63201000000000107,3.45500000000000007,5.00000000000000000,ML,operator assigned,GROPE,reviewed,manual,nz1dr,11,6,16,0.30199999999999999,160.00000000000000000,0.40182000000000001,0.22000000000000000
3766762,earthquake,2010-09-03T17:47:19.870Z,2013-07-16T14:52:00.000Z,172.24231000000000336,-43.55422999999999689,3.81300000000000017,11.58239999999999981,ML,,GROPE,reviewed,manual,nz1dr,12,7,23,0.11899999999999999,106.00000000000000000,0.33457999999999999,0.24199999999999999
3765217,earthquake,2010-09-03T17:46:21.532Z,2013-07-16T14:52:00.000Z,172.21343999999999141,-43.57798999999999978,4.17100000000000026,15.18190000000000062,ML,,GROPE,reviewed,manual,nz1dr,36,21,39,0.09200000000000000,75.00000000000000000,0.23111999999999999,0.25800000000000001
3366176,earthquake,2010-09-03T17:44:03.390Z,2013-07-16T14:04:00.000Z,172.39160000000001105,-43.56510999999999711,4.26400000000000023,9.85040000000000049,ML,,GROPE,reviewed,manual,nz1dr,31,18,29,0.03000000000000000,58.00000000000000000,0.30929000000000001,0.26400000000000001
3765173,earthquake,2010-09-03T17:43:08.226Z,2013-07-16T14:52:00.000Z,172.16034999999999400,-43.49445000000000050,4.07099999999999973,7.00860000000000039,ML,,GROPE,reviewed,manual,nz1dr,20,12,32,0.04300000000000000,133.00000000000000000,0.24995000000000001,0.27900000000000003
3765140,earthquake,2010-09-03T17:41:54.831Z,2013-07-16T14:52:00.000Z,172.36713000000000306,-43.56803000000000026,3.69499999999999984,22.67989999999999995,ML,,GROPE,reviewed,manual,nz1dr,14,8,21,0.14499999999999999,137.00000000000000000,0.26522000000000001,0.25500000000000000
3765075,earthquake,2010-09-03T17:39:33.702Z,2013-07-16T14:52:00.000Z,172.19775000000001342,-43.61849999999999739,4.23299999999999965,5.00000000000000000,ML,operator assigned,GROPE,reviewed,manual,nz1dr,18,10,25,0.27600000000000002,136.00000000000000000,0.29542000000000002,0.20899999999999999
3764663,earthquake,2010-09-03T17:38:54.003Z,2013-07-16T14:52:00.000Z,171.98217999999999961,-43.52418999999999727,4.53300000000000036,5.00000000000000000,ML,operator assigned,GROPE,reviewed,manual,nz1dr,22,12,36,0.02400000000000000,101.00000000000000000,0.28602000000000000,0.30800000000000000
3366174,earthquake,2010-09-03T17:38:11.677Z,2013-08-08T13:21:00.000Z,172.15967000000000553,-43.52707000000000193,4.51400000000000023,9.62100000000000044,ML,,GROPE,reviewed,manual,nz1dr,28,18,47,0.05500000000000000,101.00000000000000000,0.28710000000000002,0.24700000000000000
3754167,earthquake,2010-09-03T17:36:55.875Z,2013-07-16T14:52:00.000Z,172.29759000000001379,-43.57589000000000112,3.98600000000000021,11.35679999999999978,ML,,GROPE,reviewed,manual,nz1dr,22,12,18,0.16500000000000001,184.00000000000000000,0.21179000000000001,0.24700000000000000
3764623,earthquake,2010-09-03T17:36:36.008Z,2013-07-16T14:52:00.000Z,171.87041999999999575,-43.54630000000000223,3.91900000000000004,5.00000000000000000,ML,operator assigned,GROPE,reviewed,manual,nz1dr,14,7,20,0.17699999999999999,148.00000000000000000,0.41050999999999999,0.17499999999999999
3754156,earthquake,2010-09-03T17:35:47.451Z,2013-07-16T14:52:00.000Z,172.07644999999999413,-43.62187999999999732,3.97900000000000009,7.13910000000000000,ML,,GROPE,reviewed,manual,nz1dr,14,10,30,0.03500000000000000,128.00000000000000000,0.26840999999999998,0.22600000000000001
3754150,earthquake,2010-09-03T17:34:15.263Z,2013-07-16T14:52:00.000Z,172.30588000000000193,-43.57518000000000313,3.81400000000000006,9.91050000000000075,ML,,GROPE,reviewed,manual,nz1dr,18,10,28,0.17000000000000001,143.00000000000000000,0.27557999999999999,0.24399999999999999
3754136,earthquake,2010-09-03T17:33:00.820Z,2013-07-16T14:52:00.000Z,172.09627000000000407,-43.58115999999999701,3.70199999999999996,6.61080000000000023,ML,,GROPE,reviewed,manual,nz1dr,18,9,19,0.00900000000000000,107.00000000000000000,0.19936000000000001,0.38200000000000001
3753682,earthquake,2010-09-03T17:31:21.849Z,2013-07-16T14:52:00.000Z,171.98099999999999454,-43.52064000000000021,4.39700000000000024,10.05219999999999914,ML,,GROPE,reviewed,manual,nz1dr,18,10,44,0.09300000000000000,142.00000000000000000,0.33877000000000002,0.25900000000000001
3753695,earthquake,2010-09-03T17:31:00.032Z,2013-07-16T14:52:00.000Z,172.42651000000000749,-43.61386000000000251,4.40800000000000036,8.42789999999999928,ML,,GROPE,reviewed,manual,nz1dr,31,20,34,0.03200000000000000,93.00000000000000000,0.25535999999999998,0.35099999999999998
3753669,earthquake,2010-09-03T17:29:43.731Z,2013-07-16T14:52:00.000Z,171.93300999999999590,-43.50891000000000020,3.98600000000000021,11.38579999999999970,ML,,GROPE,reviewed,manual,nz1dr,11,6,12,0.13400000000000001,141.00000000000000000,0.45611000000000002,0.30399999999999999
3753602,earthquake,2010-09-03T17:28:16.175Z,2013-07-16T14:52:00.000Z,172.04362000000000421,-43.58209000000000088,4.44099999999999984,12.71739999999999959,ML,,GROPE,reviewed,manual,nz1dr,29,14,44,0.03300000000000000,198.00000000000000000,0.38011000000000000,0.26300000000000001
3753650,earthquake,2010-09-03T17:28:08.145Z,2013-07-16T14:52:00.000Z,172.03815000000000168,-43.58953999999999951,4.11800000000000033,8.85200000000000031,ML,,GROPE,reviewed,manual,nz1dr,21,10,4,0.07500000000000000,205.00000000000000000,0.24381000000000000,0.20499999999999999
3753542,earthquake,2010-09-03T17:27:12.852Z,2013-07-16T14:52:00.000Z,172.33666999999999803,-43.57726999999999862,3.97100000000000009,14.03260000000000041,ML,,GROPE,reviewed,manual,nz1dr,18,10,14,0.16800000000000001,112.00000000000000000,0.31212000000000001,0.18200000000000000
3753125,earthquake,2010-09-03T17:26:04.727Z,2013-07-16T14:52:00.000Z,172.09457000000000448,-43.59562999999999988,4.69200000000000017,7.86449999999999960,ML,,GROPE,reviewed,manual,nz1dr,45,27,65,0.00900000000000000,66.00000000000000000,0.32024999999999998,0.29499999999999998
3753136,earthquake,2010-09-03T17:25:57.419Z,2013-07-16T14:52:00.000Z,172.34450000000001069,-43.58961999999999648,3.28200000000000003,5.00000000000000000,ML,operator assigned,GROPE,reviewed,manual,nz1dr,13,8,3,0.13300000000000001,127.00000000000000000,0.27284000000000003,0.31200000000000000
3753117,earthquake,2010-09-03T17:25:02.168Z,2013-07-16T14:52:00.000Z,172.41945000000001187,-43.64858999999999867,3.59600000000000009,5.00000000000000000,ML,operator assigned,GROPE,reviewed,manual,nz1dr,15,8,5,0.10400000000000000,210.00000000000000000,0.15196000000000001,0.23000000000000001
3753095,earthquake,2010-09-03T17:24:53.127Z,2013-07-16T14:52:00.000Z,172.42139000000000237,-43.65540000000000020,3.94200000000000017,6.20760000000000023,ML,,GROPE,reviewed,manual,nz1dr,15,8,8,0.11000000000000000,212.00000000000000000,0.14448000000000000,0.32300000000000001
3753083,earthquake,2010-09-03T17:24:25.085Z,2013-07-16T14:52:00.000Z,171.87665000000001214,-43.54923999999999751,4.26600000000000001,5.00000000000000000,ML,operator assigned,GROPE,reviewed,manual,nz1dr,16,9,13,0.06100000000000000,235.00000000000000000,0.31469999999999998,0.23899999999999999
3753038,earthquake,2010-09-03T17:24:05.756Z,2013-07-16T14:52:00.000Z,172.26309000000000538,-43.63627000000000322,4.25499999999999989,11.49329999999999963,ML,,GROPE,reviewed,manual,nz1dr,26,14,10,0.05800000000000000,131.00000000000000000,0.24650000000000000,0.21900000000000000
3753019,earthquake,2010-09-03T17:23:52.273Z,2013-07-16T14:52:00.000Z,172.15027000000000612,-43.46166999999999803,4.11300000000000043,6.89350000000000041,ML,,GROPE,reviewed,manual,nz1dr,21,12,8,0.04600000000000000,106.00000000000000000,0.27067999999999998,0.22500000000000001
3753011,earthquake,2010-09-03T17:22:40.719Z,2013-07-16T14:52:00.000Z,171.86795000000000755,-43.55364999999999753,4.57500000000000018,12.00000000000000000,ML,operator assigned,GROPE,reviewed,manual,nz1dr,23,14,56,0.18099999999999999,89.00000000000000000,0.35355999999999999,0.29499999999999998
3752140,earthquake,2010-09-03T17:22:18.946Z,2013-07-16T14:52:00.000Z,172.35083000000000197,-43.58912999999999727,3.41199999999999992,12.00000000000000000,ML,operator assigned,GROPE,reviewed,manual,nz1dr,9,5,5,0.19800000000000001,144.00000000000000000,0.16672000000000001,0.10700000000000000
3752130,earthquake,2010-09-03T17:21:48.896Z,2013-07-16T14:52:00.000Z,172.09161000000000286,-43.61932999999999794,4.17999999999999972,11.04149999999999920,ML,,GROPE,reviewed,manual,nz1dr,11,5,3,0.12800000000000000,328.00000000000000000,0.21027000000000001,0.10800000000000000
3752125,earthquake,2010-09-03T17:21:41.443Z,2013-07-16T14:51:00.000Z,171.92423999999999751,-43.55330000000000013,4.20199999999999996,7.61359999999999992,ML,,GROPE,reviewed,manual,nz1dr,16,8,22,0.02800000000000000,148.00000000000000000,0.24560999999999999,0.25000000000000000
3752115,earthquake,2010-09-03T17:20:54.873Z,2013-07-16T14:51:00.000Z,171.90456000000000358,-43.55190000000000339,4.19000000000000039,10.47700000000000031,ML,,GROPE,reviewed,manual,nz1dr,13,8,29,0.18200000000000000,149.00000000000000000,0.22302000000000000,0.27000000000000002
3750629,earthquake,2010-09-03T17:18:37.805Z,2013-07-16T14:51:00.000Z,172.18247999999999820,-43.58258000000000010,5.04999999999999982,5.74040000000000017,ML,,GROPE,reviewed,manual,nz1dr,30,22,41,0.06800000000000000,87.00000000000000000,0.26640999999999998,0.26000000000000001
3750618,earthquake,2010-09-03T17:18:21.495Z,2013-07-16T14:51:00.000Z,172.15409999999999968,-43.59937000000000040,4.72799999999999976,8.38589999999999947,ML,,GROPE,reviewed,manual,nz1dr,32,18,10,0.04900000000000000,154.00000000000000000,0.28888999999999998,0.22000000000000000
3750586,earthquake,2010-09-03T17:18:06.668Z,2013-07-16T14:51:00.000Z,172.37678999999999974,-43.59208999999999889,4.52899999999999991,10.00000000000000000,ML,operator assigned,GROPE,reviewed,manual,nz1dr,19,11,10,0.15500000000000000,142.00000000000000000,0.23688999999999999,0.31200000000000000
3750105,earthquake,2010-09-03T17:17:16.526Z,2013-07-16T14:51:00.000Z,172.49609000000000947,-43.63580000000000325,4.20300000000000029,18.04019999999999868,ML,,GROPE,reviewed,manual,nz1dr,10,6,26,0.11000000000000000,143.00000000000000000,0.33478999999999998,0.27700000000000002
3366163,earthquake,2010-09-03T17:17:03.937Z,2013-07-16T14:04:00.000Z,172.44043999999999528,-43.66763000000000261,3.75300000000000011,5.00000000000000000,ML,operator assigned,GROPE,reviewed,manual,nz1dr,9,4,3,0.16000000000000000,214.00000000000000000,0.12139999999999999,0.18700000000000000
3750100,earthquake,2010-09-03T17:15:37.398Z,2013-07-16T14:51:00.000Z,172.32454000000001315,-43.59658999999999907,3.54700000000000015,5.00000000000000000,ML,operator assigned,GROPE,reviewed,manual,nz1dr,10,5,6,0.19300000000000000,188.00000000000000000,0.43335000000000001,0.24299999999999999
3750096,earthquake,2010-09-03T17:15:07.043Z,2013-07-16T14:51:00.000Z,172.43462999999999852,-43.63962000000000074,3.58700000000000019,5.00000000000000000,ML,operator assigned,GROPE,reviewed,manual,nz1dr,10,5,5,0.15100000000000000,204.00000000000000000,0.05269000000000000,0.13100000000000001
3750085,earthquake,2010-09-03T17:14:18.600Z,2013-07-16T14:51:00.000Z,171.96030999999999267,-43.51436999999999955,3.95000000000000018,5.00000000000000000,ML,operator assigned,GROPE,reviewed,manual,nz1dr,11,6,11,0.10600000000000000,142.00000000000000000,0.21315999999999999,0.14299999999999999
3750072,earthquake,2010-09-03T17:13:41.720Z,2013-07-16T14:51:00.000Z,172.41020000000000323,-43.60401000000000238,4.30100000000000016,8.87720000000000020,ML,,GROPE,reviewed,manual,nz1dr,22,14,36,0.02300000000000000,126.00000000000000000,0.31566000000000000,0.33100000000000002
3750061,earthquake,2010-09-03T17:12:56.774Z,2013-07-16T14:51:00.000Z,172.37834000000000856,-43.41100999999999743,3.56400000000000006,33.00000000000000000,ML,operator assigned,GROPE,reviewed,manual,nz1dr,11,5,6,0.21700000000000000,140.00000000000000000,0.41192000000000001,0.23400000000000001
3750022,earthquake,2010-09-03T17:09:25.213Z,2013-07-16T14:51:00.000Z,172.45435000000000514,-43.61746999999999730,4.24500000000000011,7.08279999999999976,ML,,GROPE,reviewed,manual,nz1dr,28,16,21,0.01200000000000000,138.00000000000000000,0.32683000000000001,0.25100000000000000
3749955,earthquake,2010-09-03T17:08:56.746Z,2013-07-16T14:51:00.000Z,172.11301000000000272,-43.54908999999999963,4.11699999999999999,9.99060000000000059,ML,,GROPE,reviewed,manual,nz1dr,13,8,22,0.05800000000000000,226.00000000000000000,0.26396999999999998,0.24399999999999999
3749559,earthquake,2010-09-03T17:08:10.114Z,2013-07-16T14:51:00.000Z,172.24100999999998862,-43.62859000000000265,3.85099999999999998,5.00000000000000000,ML,operator assigned,GROPE,reviewed,manual,nz1dr,15,8,15,0.17000000000000001,159.00000000000000000,0.23774000000000001,0.16400000000000001
3749058,earthquake,2010-09-03T17:07:12.426Z,2013-07-16T14:51:00.000Z,172.37897000000000958,-43.55125000000000313,3.82100000000000017,5.00000000000000000,ML,operator assigned,GROPE,reviewed,manual,nz1dr,9,5,5,0.17899999999999999,158.00000000000000000,0.48253000000000001,0.17499999999999999
3749037,earthquake,2010-09-03T17:06:31.358Z,2013-07-16T14:51:00.000Z,172.27841000000000804,-43.62322000000000344,4.69899999999999984,8.87199999999999989,ML,,GROPE,reviewed,manual,nz1dr,26,16,38,0.07400000000000000,125.00000000000000000,0.27506000000000003,0.30900000000000000
3366157,earthquake,2010-09-03T17:05:41.844Z,2013-07-31T15:30:00.000Z,171.96541999999999462,-43.42381999999999920,3.95599999999999996,11.95749999999999957,ML,,GROPE,reviewed,manual,nz1dr,10,6,16,0.11000000000000000,126.00000000000000000,0.36940000000000001,0.22500000000000001
3746118,earthquake,2010-09-03T17:04:03.429Z,2013-07-16T14:51:00.000Z,172.54507000000000971,-43.61502000000000123,3.96200000000000019,21.69320000000000093,ML,,GROPE,reviewed,manual,nz1dr,8,4,9,0.06900000000000001,168.00000000000000000,0.26122000000000001,0.23899999999999999
3743593,earthquake,2010-09-03T17:01:46.614Z,2013-07-16T14:51:00.000Z,172.39214000000001192,-43.61932999999999794,4.21400000000000041,9.16590000000000060,ML,,GROPE,reviewed,manual,nz1dr,23,14,6,0.02600000000000000,186.00000000000000000,0.22322000000000000,0.21700000000000000
3745632,earthquake,2010-09-03T17:01:12.274Z,2013-07-16T14:51:00.000Z,172.22411999999999921,-43.60672999999999888,4.31500000000000039,9.51399999999999935,ML,,GROPE,reviewed,manual,nz1dr,23,12,10,0.14599999999999999,213.00000000000000000,0.27020000000000000,0.15100000000000000
3743570,earthquake,2010-09-03T16:59:51.927Z,2013-07-16T14:51:00.000Z,172.42267000000001076,-43.60177999999999798,4.76700000000000035,7.44540000000000024,ML,,GROPE,reviewed,manual,nz1dr,24,18,7,0.03100000000000000,86.00000000000000000,0.27055000000000001,0.14299999999999999
3743073,earthquake,2010-09-03T16:59:20.048Z,2013-07-16T14:51:00.000Z,172.21003999999999223,-43.61625000000000085,5.50399999999999956,8.05369999999999919,ML,,GROPE,reviewed,manual,nz1dr,47,33,86,0.05400000000000000,65.00000000000000000,0.24390000000000001,0.27100000000000002
3743084,earthquake,2010-09-03T16:59:12.507Z,2013-07-16T14:51:00.000Z,172.20256000000000540,-43.60181999999999647,4.68599999999999994,9.13920000000000066,ML,,GROPE,reviewed,manual,nz1dr,42,28,6,0.06700000000000000,62.00000000000000000,0.28108000000000000,0.33500000000000002
3745623,earthquake,2010-09-03T16:58:05.776Z,2013-07-16T14:51:00.000Z,172.41252000000000066,-43.47220999999999691,4.29199999999999982,5.00000000000000000,ML,operator assigned,GROPE,reviewed,manual,nz1dr,21,13,4,0.08599999999999999,100.00000000000000000,0.38862000000000002,0.11500000000000000
3743567,earthquake,2010-09-03T16:57:56.308Z,2013-07-16T14:51:00.000Z,172.12369000000001051,-43.65435000000000088,4.52200000000000024,10.14869999999999983,ML,,GROPE,reviewed,manual,nz1dr,34,16,17,0.16400000000000001,167.00000000000000000,0.31086999999999998,0.24700000000000000
3744170,earthquake,2010-09-03T16:57:05.391Z,2013-07-16T14:51:00.000Z,172.25459000000000742,-43.62086000000000041,3.73700000000000010,11.15230000000000032,ML,,GROPE,reviewed,manual,nz1dr,10,5,5,0.17100000000000001,212.00000000000000000,0.24828000000000000,0.08100000000000000
3366155,earthquake,2010-09-03T16:56:10.575Z,2013-07-31T15:29:00.000Z,172.20514000000000010,-43.63089999999999691,4.75100000000000033,9.51759999999999984,ML,,GROPE,reviewed,manual,nz1dr,31,20,57,0.03900000000000000,85.00000000000000000,0.29807000000000000,0.27900000000000003
3366154,earthquake,2010-09-03T16:52:56.304Z,2013-07-16T14:04:00.000Z,172.40279000000001020,-43.59917000000000087,5.46799999999999997,7.48310000000000031,ML,,GROPE,reviewed,manual,nz1dr,53,35,26,0.01700000000000000,86.00000000000000000,0.27000999999999997,0.27000000000000002
3366161,earthquake,2010-09-03T16:51:06.788Z,2013-07-16T14:04:00.000Z,172.36874000000000251,-43.60562000000000182,4.34299999999999997,9.43660000000000032,ML,,GROPE,reviewed,manual,nz1dr,25,15,8,0.13900000000000001,120.00000000000000000,0.26244000000000001,0.16500000000000001
3741612,earthquake,2010-09-03T16:50:05.693Z,2013-07-16T14:51:00.000Z,172.15205000000000268,-43.52158000000000015,4.66399999999999970,9.29959999999999987,ML,,GROPE,reviewed,manual,nz1dr,30,18,14,0.04700000000000000,98.00000000000000000,0.27132000000000001,0.25000000000000000
3366152,earthquake,2010-09-03T16:49:49.877Z,2013-07-16T14:04:00.000Z,172.48775000000000546,-43.54867999999999739,4.17400000000000038,20.35699999999999932,ML,,GROPE,reviewed,manual,nz1dr,23,12,5,0.07099999999999999,119.00000000000000000,0.15550000000000000,0.15700000000000000
3740486,earthquake,2010-09-03T16:48:49.770Z,2013-07-16T14:51:00.000Z,172.32206999999999653,-43.60858999999999952,4.95000000000000018,8.55899999999999928,ML,,GROPE,reviewed,manual,nz1dr,39,23,12,0.04500000000000000,121.00000000000000000,0.33060000000000000,0.24199999999999999
3740456,earthquake,2010-09-03T16:48:30.194Z,2013-07-16T14:51:00.000Z,172.44823999999999842,-43.65359999999999729,4.32399999999999984,6.12629999999999963,ML,,GROPE,reviewed,manual,nz1dr,22,15,6,0.03200000000000000,156.00000000000000000,0.17985999999999999,0.29799999999999999
3739976,earthquake,2010-09-03T16:48:09.100Z,2013-07-16T14:51:00.000Z,172.19954000000001315,-43.61804999999999666,4.38199999999999967,31.39999999999999858,ML,,GROPE,reviewed,manual,nz1dr,16,8,7,0.14499999999999999,158.00000000000000000,0.49343999999999999,0.26400000000000001
3711193,earthquake,2010-09-03T16:48:02.459Z,2013-07-16T14:51:00.000Z,172.35774000000000683,-43.61560000000000059,4.42900000000000027,13.23739999999999917,ML,,GROPE,reviewed,manual,nz1dr,15,9,10,0.19700000000000001,150.00000000000000000,0.19392999999999999,0.24099999999999999
3711189,earthquake,2010-09-03T16:47:25.465Z,2013-07-16T14:51:00.000Z,171.90024999999999977,-43.64565999999999946,4.41399999999999970,5.00000000000000000,ML,operator assigned,GROPE,reviewed,manual,nz1dr,13,7,10,0.21299999999999999,166.00000000000000000,0.34928999999999999,0.21500000000000000
3711185,earthquake,2010-09-03T16:46:35.737Z,2013-07-16T14:51:00.000Z,172.23813000000001239,-43.57198000000000349,4.51600000000000001,5.00000000000000000,ML,operator assigned,GROPE,reviewed,manual,nz1dr,12,7,9,0.12800000000000000,146.00000000000000000,0.37541000000000002,0.18200000000000000
3710559,earthquake,2010-09-03T16:46:07.866Z,2013-07-16T14:51:00.000Z,172.17002999999999702,-43.47632999999999726,4.81700000000000017,7.14620000000000033,ML,,GROPE,reviewed,manual,nz1dr,14,7,13,0.05200000000000000,129.00000000000000000,0.17727999999999999,0.24800000000000000
3710466,earthquake,2010-09-03T16:45:31.618Z,2013-07-16T14:51:00.000Z,172.40085999999999444,-43.60708999999999946,4.72700000000000031,18.67780000000000129,ML,,GROPE,reviewed,manual,nz1dr,23,12,7,0.15400000000000000,144.00000000000000000,0.30329000000000000,0.20699999999999999
3699473,earthquake,2010-09-03T16:44:57.324Z,2013-07-16T14:51:00.000Z,172.16285999999999490,-43.46123999999999654,5.35899999999999999,6.68170000000000019,ML,,GROPE,reviewed,manual,nz1dr,36,28,30,0.05400000000000000,78.00000000000000000,0.27927999999999997,0.28599999999999998
3698442,earthquake,2010-09-03T16:44:12.573Z,2013-07-16T14:51:00.000Z,172.40707000000000448,-43.64999000000000251,4.49099999999999966,11.32399999999999984,ML,,GROPE,reviewed,manual,nz1dr,15,8,7,0.17299999999999999,245.00000000000000000,0.12576000000000001,0.25300000000000000
3696750,earthquake,2010-09-03T16:43:51.204Z,2013-07-16T14:51:00.000Z,172.27442999999999529,-43.61766000000000076,4.56899999999999995,12.74189999999999934,ML,,GROPE,reviewed,manual,nz1dr,24,15,8,0.07600000000000000,119.00000000000000000,0.22072000000000000,0.20699999999999999
3696722,earthquake,2010-09-03T16:43:28.731Z,2013-07-16T14:51:00.000Z,172.16673000000000116,-43.60925999999999902,5.14400000000000013,9.48780000000000001,ML,,GROPE,reviewed,manual,nz1dr,33,22,25,0.06100000000000000,63.00000000000000000,0.22816000000000000,0.24800000000000000
3696695,earthquake,2010-09-03T16:42:47.272Z,2013-07-16T14:51:00.000Z,172.41315000000000168,-43.60732000000000141,4.97900000000000009,9.36219999999999963,ML,,GROPE,reviewed,manual,nz1dr,35,21,10,0.02700000000000000,90.00000000000000000,0.28514000000000000,0.21900000000000000
3696710,earthquake,2010-09-03T16:42:28.762Z,2013-07-16T14:51:00.000Z,172.27834999999998900,-43.63268000000000058,4.91199999999999992,8.17629999999999946,ML,,GROPE,reviewed,manual,nz1dr,26,17,8,0.06900000000000001,132.00000000000000000,0.26706000000000002,0.22100000000000000
3696610,earthquake,2010-09-03T16:42:20.864Z,2013-07-16T14:51:00.000Z,172.23646999999999707,-43.64153000000000304,4.94500000000000028,11.25929999999999964,ML,,GROPE,reviewed,manual,nz1dr,38,21,9,0.03900000000000000,123.00000000000000000,0.25172000000000000,0.16700000000000001
3696594,earthquake,2010-09-03T16:42:00.732Z,2013-07-16T14:51:00.000Z,172.37521000000000981,-43.66353999999999758,4.82200000000000006,5.00000000000000000,ML,operator assigned,GROPE,reviewed,manual,nz1dr,19,10,8,0.20000000000000001,209.00000000000000000,0.17050999999999999,0.34899999999999998
3696231,earthquake,2010-09-03T16:41:17.829Z,2013-07-16T14:51:00.000Z,172.30361999999999512,-43.58585999999999672,4.97100000000000009,9.88509999999999955,ML,,GROPE,reviewed,manual,nz1dr,28,18,8,0.05700000000000000,187.00000000000000000,0.22716000000000000,0.25400000000000000
3696220,earthquake,2010-09-03T16:40:20.677Z,2013-07-16T14:51:00.000Z,172.54438999999999282,-43.58787000000000234,4.75000000000000000,24.80059999999999931,ML,,GROPE,reviewed,manual,nz1dr,20,11,5,0.05800000000000000,89.00000000000000000,0.32507000000000003,0.19500000000000001
3696204,earthquake,2010-09-03T16:40:13.749Z,2013-07-16T14:51:00.000Z,172.42959999999999354,-43.68361999999999767,4.56500000000000039,8.31700000000000017,ML,,GROPE,reviewed,manual,nz1dr,18,10,5,0.06500000000000000,222.00000000000000000,0.12544000000000000,0.30199999999999999
3696092,earthquake,2010-09-03T16:39:56.876Z,2013-07-16T14:51:00.000Z,172.21216999999998620,-43.59541000000000111,4.92100000000000026,14.24050000000000082,ML,,GROPE,reviewed,manual,nz1dr,18,10,7,0.19400000000000001,152.00000000000000000,0.28076000000000001,0.22500000000000001
3672856,earthquake,2010-09-03T16:39:03.708Z,2013-07-16T14:51:00.000Z,172.11027999999998883,-43.62283000000000044,5.33499999999999996,17.60579999999999856,ML,,GROPE,reviewed,manual,nz1dr,18,10,10,0.13200000000000001,222.00000000000000000,0.38812999999999998,0.19900000000000001
3672831,earthquake,2010-09-03T16:38:42.458Z,2013-07-16T14:51:00.000Z,172.11847000000000207,-43.49201000000000050,5.16199999999999992,10.15910000000000046,ML,,GROPE,reviewed,manual,nz1dr,20,11,9,0.01200000000000000,154.00000000000000000,0.27886000000000000,0.21299999999999999
3672822,earthquake,2010-09-03T16:38:17.243Z,2013-07-16T14:51:00.000Z,172.18575000000001296,-43.47109999999999985,5.43400000000000016,6.29190000000000005,ML,,GROPE,reviewed,manual,nz1dr,20,14,7,0.06400000000000000,88.00000000000000000,0.38258999999999999,0.19000000000000000
3669676,earthquake,2010-09-03T16:37:36.322Z,2013-07-16T14:51:00.000Z,172.29476999999999975,-43.56609999999999872,5.53200000000000003,11.88230000000000075,ML,,GROPE,reviewed,manual,nz1dr,46,26,6,0.06900000000000001,68.00000000000000000,0.24771000000000001,0.14899999999999999
3669661,earthquake,2010-09-03T16:37:17.769Z,2013-07-16T14:51:00.000Z,172.38512000000000057,-43.65849999999999653,5.11399999999999988,7.82730000000000015,ML,,GROPE,reviewed,manual,nz1dr,21,12,3,0.06400000000000000,253.00000000000000000,0.08527000000000000,0.18600000000000000
3669651,earthquake,2010-09-03T16:37:02.619Z,2013-07-16T14:51:00.000Z,172.32366999999999280,-43.55425999999999931,5.81500000000000039,10.02570000000000050,ML,,GROPE,reviewed,manual,nz1dr,39,23,7,0.05800000000000000,57.00000000000000000,0.18790999999999999,0.25100000000000000
3366146,earthquake,2010-09-03T16:35:41.836Z,2013-07-16T14:04:00.000Z,172.16793999999998732,-43.52730999999999995,7.20000000000000018,11.04260000000000019,Mw,,GROPE,reviewed,manual,nz1dr,21,16,0,0.06000000000000000,82.00000000000000000,0.14312000000000000,0.00000000000000000
3366137,earthquake,2010-09-03T16:09:12.529Z,2013-07-16T14:04:00.000Z,177.11151000000000977,-36.85627000000000209,3.39500000000000002,171.31000000000000227,ML,,GROPE,reviewed,manual,nz1dr,15,11,8,1.04699999999999993,295.00000000000000000,0.15343000000000001,0.23799999999999999
